index,LEAGUE,PLAYER,POS,TEAM,GAME,FP,PTS,MIN,FG,FGA,AST,TRB,DRB,ORB,BK,ST,TO,FT,FTP,FGP,DATE
0,NBA,Nikola Jokic,C,DEN,UTA@DEN,52.1,25.3,33,9.7,18.5,7.5,12.2,10,2.2,0.8,1.3,2.6,4.2,0.82,0.52,2022-01-16
1,NBA,Karl-Anthony Towns,C,MIN,GS@MIN,38.8,22.1,34,7.7,16.0,3.5,10.8,7.7,3.1,1.4,0.9,3.3,4.1,0.82,0.48,2022-01-16
2,NBA,De`Aaron Fox,PG,SAC,HOU@SAC,36.9,21.7,34,8.1,16.1,6.3,3.5,3.1,0.4,0.4,1.4,2.7,4.4,0.73,0.5,2022-01-16
3,NBA,Devin Booker,SG,PHO,PHO@DET,35.3,23.2,34,8.2,18.3,4.5,4.9,4.3,0.6,0.3,1.0,3.1,4.5,0.88,0.45,2022-01-16
4,NBA,Chris Paul,PG,PHO,PHO@DET,35.2,14.4,32,5.4,11.5,8.2,4.5,4.2,0.4,0.2,2.1,2.3,2.3,0.88,0.47,2022-01-16
5,NBA,Tyrese Haliburton,PG,SAC,HOU@SAC,33.6,14.9,35,5.7,11.2,7.4,3.6,3.1,0.5,0.5,1.8,2.0,1.4,0.83,0.51,2022-01-16
6,NBA,Christian Wood,PF,HOU,HOU@SAC,33.5,19.7,33,7.1,14.2,1.9,10.1,8.2,2.0,0.9,0.8,1.8,3.9,0.66,0.5,2022-01-16
7,NBA,Donovan Mitchell,SG,UTA,UTA@DEN,33.4,22.1,34,8.0,18.5,4.1,4.1,3.4,0.7,0.3,1.0,2.4,3.3,0.86,0.43,2022-01-16
8,NBA,D`Angelo Russell,PG,MIN,GS@MIN,32.2,17.8,32,6.4,15.9,5.9,3.7,3.2,0.4,0.4,1.0,2.5,2.0,0.8,0.4,2022-01-16
9,NBA,Anthony Edwards,SG,MIN,GS@MIN,31.0,20.3,34,7.3,17.2,3.2,5.2,4.3,0.9,0.6,1.3,2.7,2.6,0.8,0.42,2022-01-16
10,NBA,Deandre Ayton,C,PHO,PHO@DET,30.7,16.8,31,7.4,12.4,1.5,10.6,7.8,2.9,1.0,0.9,1.7,1.9,0.75,0.6,2022-01-16
11,NBA,Andrew Wiggins,SF,GS,GS@MIN,30.3,19.3,36,7.2,16.5,3.2,5.2,4.2,1.0,0.9,1.1,2.6,2.6,0.7,0.44,2022-01-16
12,NBA,Rudy Gobert,C,UTA,UTA@DEN,30.1,12.7,32,4.8,7.0,1.2,13.5,10.6,2.8,2.6,0.6,1.5,3.1,0.66,0.69,2022-01-16
13,NBA,Cade Cunningham,PG,DET,PHO@DET,28.6,15.4,34,5.8,14.4,5.0,5.3,4.6,0.7,0.7,1.3,4.1,1.7,0.86,0.4,2022-01-16
14,NBA,Klay Thompson,SG,GS,GS@MIN,27.2,18.9,31,7.1,16.8,2.4,3.8,3.4,0.4,0.5,1.3,2.1,1.6,0.86,0.42,2022-01-16
15,NBA,Will Barton,SG,DEN,UTA@DEN,27.1,14.9,31,5.5,13.0,3.5,5.2,4.5,0.7,0.5,0.8,1.3,1.5,0.78,0.42,2022-01-16
16,NBA,Mike Conley,PG,UTA,UTA@DEN,26.6,14.1,30,4.9,11.2,4.8,3.3,2.8,0.5,0.3,0.8,1.5,2.1,0.83,0.44,2022-01-16
17,NBA,Harrison Barnes,PF,SAC,HOU@SAC,26.2,16.4,34,5.5,11.4,2.5,5.2,4.4,0.8,0.2,0.7,1.4,3.4,0.82,0.48,2022-01-16
18,NBA,Aaron Gordon,SF,DEN,UTA@DEN,24.3,13.3,28,5.1,10.5,2.6,5.7,4.5,1.2,0.6,0.6,1.2,1.9,0.7,0.49,2022-01-16
19,NBA,Jae'Sean Tate,SF,HOU,HOU@SAC,24.2,12.3,29,4.9,9.6,3.1,5.9,4.1,1.8,0.6,0.9,1.5,1.8,0.68,0.51,2022-01-16
20,NBA,Buddy Hield,SG,SAC,HOU@SAC,24.1,15.7,31,5.5,12.9,2.3,4.0,3.4,0.6,0.3,0.9,1.4,1.5,0.87,0.43,2022-01-16
21,NBA,Otto Porter,SF,GS,GS@MIN,24.1,11.1,28,4.2,9.7,2.7,6.7,5.7,1.1,0.6,1.5,1.2,0.9,0.75,0.43,2022-01-16
22,NBA,Jordan Poole,SG,GS,GS@MIN,23.8,15.0,28,5.1,12.7,3.6,2.9,2.7,0.2,0.3,0.8,2.6,2.4,0.88,0.4,2022-01-16
23,NBA,Saddiq Bey,SF,DET,PHO@DET,23.2,14.3,33,4.9,12.6,2.0,5.4,4.4,1.0,0.2,0.7,1.4,2.2,0.85,0.39,2022-01-16
24,NBA,Kevon Looney,C,GS,GS@MIN,22.7,7.7,29,3.2,6.4,2.8,8.9,6,2.9,1.0,0.8,1.4,1.3,0.64,0.5,2022-01-16
25,NBA,Kevin Porter Jr.,SG,HOU,HOU@SAC,22.5,10.9,28,3.8,9.8,4.5,4.0,3.3,0.7,0.3,1.0,2.6,1.9,0.64,0.39,2022-01-16
26,NBA,Bojan Bogdanovic,SF,UTA,UTA@DEN,22.0,16.0,32,5.5,12.2,1.5,4.2,3.7,0.5,0.0,0.5,1.7,2.6,0.85,0.45,2022-01-16
27,NBA,Jalen Green,SG,HOU,HOU@SAC,21.4,14.9,31,5.0,12.4,2.2,3.3,2.9,0.4,0.2,0.5,2.0,3.1,0.82,0.4,2022-01-16
28,NBA,Monte Morris,PG,DEN,UTA@DEN,21.2,11.3,26,4.4,9.5,3.6,2.4,2.1,0.3,0.1,0.8,0.6,1.0,0.79,0.46,2022-01-16
29,NBA,Jordan Clarkson,SG,UTA,UTA@DEN,21.1,14.4,26,5.3,12.8,2.0,3.4,2.8,0.6,0.2,0.6,1.4,1.4,0.83,0.41,2022-01-16
30,NBA,Patrick Beverley,PG,MIN,GS@MIN,20.9,7.6,26,2.6,6.8,3.8,4.9,3.7,1.2,0.8,1.1,1.1,0.9,0.74,0.38,2022-01-16
31,NBA,Cory Joseph,PG,DET,PHO@DET,20.2,9.2,32,3.4,8.1,4.0,3.3,2.7,0.6,0.3,1.1,1.8,1.3,0.83,0.42,2022-01-16
32,NBA,Mikal Bridges,SF,PHO,PHO@DET,19.9,11.5,32,4.4,8.9,1.8,3.8,3,0.8,0.5,1.5,0.9,1.2,0.84,0.49,2022-01-16
33,NBA,Eric Gordon,SG,HOU,HOU@SAC,19.2,13.0,30,4.5,10.0,2.5,1.9,1.7,0.3,0.4,0.5,1.6,2.0,0.77,0.45,2022-01-16
34,NBA,Marvin Bagley III,PF,SAC,HOU@SAC,18.9,11.0,24,4.4,8.7,0.7,6.5,4.7,1.8,0.4,0.4,0.9,1.7,0.7,0.51,2022-01-16
35,NBA,Jarred Vanderbilt,SF,MIN,GS@MIN,18.8,5.5,26,2.3,4.4,1.3,9.6,6.6,3.1,0.8,1.4,1.1,0.8,0.58,0.52,2022-01-16
36,NBA,Isaiah Stewart,C,DET,PHO@DET,18.7,8.5,27,3.6,6.7,1.0,8.0,5.4,2.6,1.4,0.4,1.5,1.2,0.67,0.54,2022-01-16
37,NBA,Jeff Green,SF,DEN,UTA@DEN,18.3,11.6,25,4.2,8.5,1.5,3.6,3,0.5,0.5,0.4,0.7,1.8,0.81,0.49,2022-01-16
38,NBA,Joe Ingles,SG,UTA,UTA@DEN,18.0,8.1,26,2.9,6.7,3.6,3.3,3,0.3,0.2,0.6,1.4,0.6,0.78,0.43,2022-01-16
39,NBA,Facundo Campazzo,PG,DEN,UTA@DEN,17.9,6.9,21,2.2,5.8,4.0,2.2,1.9,0.3,0.5,1.2,0.8,1.2,0.82,0.38,2022-01-16
40,NBA,Malik Beasley,SG,MIN,GS@MIN,17.9,12.1,26,4.3,11.2,1.4,3.2,2.8,0.4,0.1,0.6,0.8,0.6,0.8,0.38,2022-01-16
41,NBA,Jae Crowder,SF,PHO,PHO@DET,17.8,9.2,28,3.1,8.0,1.5,4.9,4.5,0.4,0.4,1.2,0.9,1.1,0.77,0.39,2022-01-16
42,NBA,Alperen Sengun,C,HOU,HOU@SAC,17.8,8.4,19,3.0,5.9,2.3,4.9,3.1,1.8,0.9,0.7,1.7,2.2,0.69,0.51,2022-01-16
43,NBA,Cameron Payne,PG,PHO,PHO@DET,17.6,8.9,19,3.4,8.5,3.4,2.4,2.1,0.3,0.3,0.8,1.6,1.0,0.88,0.4,2022-01-16
44,NBA,Richaun Holmes,C,SAC,HOU@SAC,17.5,9.2,20,3.9,5.6,1.0,5.9,4.2,1.6,0.8,0.4,0.8,1.5,0.78,0.7,2022-01-16
45,NBA,Hamidou Diallo,SG,DET,PHO@DET,17.3,10.2,24,4.2,8.8,1.3,4.5,3.4,1.1,0.4,1.2,1.4,1.3,0.6,0.48,2022-01-16
46,NBA,Davion Mitchell,PG,SAC,HOU@SAC,16.7,8.5,25,3.5,8.7,3.0,2.0,1.6,0.4,0.3,0.7,0.7,0.5,0.64,0.4,2022-01-16
47,NBA,Royce O`Neale,PF,UTA,UTA@DEN,15.7,6.2,29,2.2,4.8,2.0,5.2,4.5,0.6,0.4,0.7,0.8,0.4,0.75,0.46,2022-01-16
48,NBA,Andre Iguodala,SF,GS,GS@MIN,15.3,4.4,20,1.7,4.1,3.4,3.5,2.9,0.6,0.7,1.0,1.2,0.4,0.62,0.41,2022-01-16
49,NBA,Killian Hayes,PG,DET,PHO@DET,15.0,5.8,26,2.2,6.6,3.4,2.7,2.3,0.4,0.4,1.2,1.9,0.7,0.81,0.33,2022-01-16
50,NBA,Nah'Shon Hyland,PG,DEN,UTA@DEN,14.6,9.1,16,3.1,8.3,1.5,2.6,2.4,0.2,0.2,0.5,0.7,1.0,0.87,0.37,2022-01-16
51,NBA,Jaden McDaniels,PF,MIN,GS@MIN,14.1,7.2,26,2.8,6.8,1.0,4.6,3.3,1.3,0.7,0.6,1.0,0.6,0.8,0.41,2022-01-16
52,NBA,Elfrid Payton,PG,PHO,PHO@DET,13.9,5.6,17,2.4,5.7,3.1,2.6,2.1,0.5,0.1,0.9,1.4,0.6,0.64,0.42,2022-01-16
53,NBA,JaVale McGee,C,PHO,PHO@DET,13.5,7.0,15,3.1,5.1,0.5,5.2,3.7,1.5,0.8,0.4,1.0,0.9,0.66,0.61,2022-01-16
54,NBA,Damion Lee,SG,GS,GS@MIN,13.4,7.4,20,2.6,6.3,1.3,3.3,3,0.3,0.1,0.7,0.8,1.0,0.88,0.41,2022-01-16
55,NBA,Rudy Gay,SF,UTA,UTA@DEN,13.2,7.3,17,2.6,6.0,1.0,4.0,3.4,0.6,0.3,0.4,0.8,0.9,0.82,0.43,2022-01-16
56,NBA,Nemanja Bjelica,PF,GS,GS@MIN,12.6,5.7,15,2.1,4.8,1.7,3.6,3,0.6,0.4,0.5,1.1,0.6,0.72,0.44,2022-01-16
57,NBA,Chimezie Metu,PF,SAC,HOU@SAC,12.4,6.3,15,2.4,5.3,0.8,3.9,3.4,0.4,0.4,0.7,0.5,0.8,0.79,0.45,2022-01-16
58,NBA,Juan Toscano-Anderson,SF,GS,GS@MIN,12.0,4.3,17,1.7,3.7,2.3,3.2,2.8,0.4,0.4,0.8,1.4,0.5,0.58,0.46,2022-01-16
59,NBA,Garrison Mathews,SF,HOU,HOU@SAC,11.8,7.5,23,2.2,5.5,0.6,2.8,2.4,0.4,0.3,0.5,0.5,1.6,0.82,0.4,2022-01-16
60,NBA,Zeke Nnaji,C,DEN,UTA@DEN,11.6,6.7,17,2.3,5.5,0.3,3.8,2.6,1.2,0.4,0.4,0.2,1.0,0.6,0.42,2022-01-16
61,NBA,Terence Davis,SG,SAC,HOU@SAC,11.3,7.0,15,2.6,5.7,1.1,2.2,2,0.3,0.2,0.5,0.8,0.7,0.83,0.46,2022-01-16
62,NBA,Josh Jackson,SF,DET,PHO@DET,11.1,6.9,16,2.6,6.5,1.1,2.5,2.1,0.4,0.4,0.4,1.3,1.0,0.71,0.4,2022-01-16
63,NBA,Naz Reid,PF,MIN,GS@MIN,10.9,6.1,13,2.2,5.0,0.5,3.3,2.2,1.1,0.7,0.4,0.6,1.0,0.71,0.44,2022-01-16
64,NBA,Trey Lyles,PF,DET,PHO@DET,10.5,5.8,14,2.0,5.0,0.7,3.3,2.5,0.7,0.4,0.3,0.7,1.2,0.8,0.4,2022-01-16
65,NBA,D.J. Augustin,PG,HOU,HOU@SAC,10.5,5.6,16,1.7,4.1,2.2,1.3,1.1,0.2,0.0,0.3,1.0,1.3,0.88,0.41,2022-01-16
66,NBA,Landry Shamet,PG,PHO,PHO@DET,10.4,6.3,19,2.1,5.4,1.2,1.6,1.4,0.2,0.1,0.6,0.5,0.6,0.85,0.39,2022-01-16
67,NBA,Damian Jones,C,SAC,HOU@SAC,10.4,5.5,14,2.2,3.0,0.7,3.4,2.3,1.1,0.4,0.3,0.6,1.1,0.72,0.73,2022-01-16
68,NBA,Alex Len,C,SAC,HOU@SAC,10.4,5.6,13,2.2,3.9,0.7,3.3,2.3,1.0,0.5,0.3,0.7,0.8,0.65,0.56,2022-01-16
69,NBA,Davon Reed,SG,DEN,UTA@DEN,10.0,4.3,14,1.6,3.5,1.1,2.6,2.2,0.4,0.2,0.8,0.1,0.2,0.76,0.46,2022-01-16
70,NBA,Taurean Waller-Prince,SF,MIN,GS@MIN,9.9,5.7,16,2.0,5.2,0.9,2.5,2.2,0.4,0.3,0.4,0.8,0.6,0.8,0.39,2022-01-16
71,NBA,Jaylen Nowell,SG,MIN,GS@MIN,9.8,5.5,12,2.1,4.8,1.3,1.7,1.4,0.3,0.1,0.4,0.4,0.7,0.76,0.44,2022-01-16
72,NBA,Jalen Smith,C,PHO,PHO@DET,9.7,5.2,12,1.9,4.2,0.2,4.1,2.6,1.5,0.5,0.2,0.6,1.1,0.83,0.45,2022-01-16
73,NBA,Saben Lee,SG,DET,PHO@DET,9.5,4.1,12,1.4,3.5,1.8,1.6,1.4,0.3,0.3,0.6,0.7,1.1,0.75,0.4,2022-01-16
74,NBA,David Nwaba,PG,HOU,HOU@SAC,9.0,4.2,12,1.5,3.2,0.6,2.9,2.2,0.7,0.5,0.5,0.3,0.8,0.7,0.47,2022-01-16
75,NBA,Eric Paschall,PF,UTA,UTA@DEN,8.9,5.6,13,2.1,4.1,0.7,2.2,1.5,0.6,0.1,0.1,0.5,1.0,0.74,0.51,2022-01-16
76,NBA,Josh Christopher,SG,HOU,HOU@SAC,8.8,5.0,13,1.9,4.1,1.3,1.7,1.2,0.6,0.1,0.6,1.1,0.8,0.82,0.46,2022-01-16
77,NBA,Kelly Olynyk,C,DET,PHO@DET,8.6,4.6,12,1.7,3.8,0.8,2.4,1.9,0.4,0.3,0.4,0.7,0.7,0.78,0.45,2022-01-16
78,NBA,Frank Jackson,PG,DET,PHO@DET,8.4,6.2,15,2.2,5.8,0.6,1.2,0.9,0.3,0.1,0.3,0.6,0.7,0.8,0.38,2022-01-16
79,NBA,Kenyon Martin Jr.,SF,HOU,HOU@SAC,8.0,4.1,12,1.6,3.2,0.6,2.4,1.8,0.7,0.3,0.3,0.4,0.6,0.68,0.5,2022-01-16
80,NBA,Maurice Harkless,SF,SAC,HOU@SAC,7.9,3.8,16,1.5,3.1,0.6,2.2,1.8,0.4,0.4,0.6,0.4,0.4,0.66,0.48,2022-01-16
81,NBA,Luka Garza,PF,DET,PHO@DET,7.4,4.3,10,1.5,3.5,0.4,2.3,0.9,1.4,0.2,0.2,0.4,0.8,0.62,0.43,2022-01-16
82,NBA,Josh Okogie,SG,MIN,GS@MIN,7.3,3.6,14,1.2,3.1,0.6,2.2,1.4,0.7,0.3,0.6,0.6,0.8,0.74,0.39,2022-01-16
83,NBA,Jonathan Kuminga,SF,GS,GS@MIN,7.1,5.0,9,1.8,4.0,0.4,1.6,1.3,0.3,0.2,0.3,0.7,1.0,0.62,0.45,2022-01-16
84,NBA,Austin Rivers,SG,DEN,UTA@DEN,6.4,3.6,11,1.3,3.2,0.8,1.1,0.9,0.1,0.1,0.3,0.3,0.3,0.65,0.41,2022-01-16
85,NBA,Chris Chiozza,PG,GS,GS@MIN,6.0,1.7,8,0.6,2.3,1.9,1.0,0.8,0.2,0.0,0.3,0.9,0.1,0.8,0.26,2022-01-16
86,NBA,Markus Howard,PG,DEN,UTA@DEN,4.6,3.6,6,1.2,3.5,0.3,0.4,0.4,0.0,0.0,0.2,0.2,0.3,0.84,0.34,2022-01-16
87,NBA,Daniel Theis,C,HOU,HOU@SAC,3.8,1.9,5,0.7,1.4,0.3,1.3,0.9,0.4,0.2,0.1,0.2,0.3,0.7,0.5,2022-01-16
0,NBA,Nikola Jokic,C,DEN,UTA@DEN,52.1,25.3,33,9.7,18.5,7.5,12.2,10,2.2,0.8,1.3,2.6,4.2,0.82,0.52,2022-01-16
1,NBA,Karl-Anthony Towns,C,MIN,GS@MIN,38.8,22.1,34,7.7,16.0,3.5,10.8,7.7,3.1,1.4,0.9,3.3,4.1,0.82,0.48,2022-01-16
2,NBA,De`Aaron Fox,PG,SAC,HOU@SAC,36.9,21.7,34,8.1,16.1,6.3,3.5,3.1,0.4,0.4,1.4,2.7,4.4,0.73,0.5,2022-01-16
3,NBA,Devin Booker,SG,PHO,PHO@DET,35.3,23.2,34,8.2,18.3,4.5,4.9,4.3,0.6,0.3,1.0,3.1,4.5,0.88,0.45,2022-01-16
4,NBA,Chris Paul,PG,PHO,PHO@DET,35.2,14.4,32,5.4,11.5,8.2,4.5,4.2,0.4,0.2,2.1,2.3,2.3,0.88,0.47,2022-01-16
5,NBA,Tyrese Haliburton,PG,SAC,HOU@SAC,33.6,14.9,35,5.7,11.2,7.4,3.6,3.1,0.5,0.5,1.8,2.0,1.4,0.83,0.51,2022-01-16
6,NBA,Christian Wood,PF,HOU,HOU@SAC,33.5,19.7,33,7.1,14.2,1.9,10.1,8.2,2.0,0.9,0.8,1.8,3.9,0.66,0.5,2022-01-16
7,NBA,Donovan Mitchell,SG,UTA,UTA@DEN,33.4,22.1,34,8.0,18.5,4.1,4.1,3.4,0.7,0.3,1.0,2.4,3.3,0.86,0.43,2022-01-16
8,NBA,D`Angelo Russell,PG,MIN,GS@MIN,32.2,17.8,32,6.4,15.9,5.9,3.7,3.2,0.4,0.4,1.0,2.5,2.0,0.8,0.4,2022-01-16
9,NBA,Anthony Edwards,SG,MIN,GS@MIN,31.0,20.3,34,7.3,17.2,3.2,5.2,4.3,0.9,0.6,1.3,2.7,2.6,0.8,0.42,2022-01-16
10,NBA,Deandre Ayton,C,PHO,PHO@DET,30.7,16.8,31,7.4,12.4,1.5,10.6,7.8,2.9,1.0,0.9,1.7,1.9,0.75,0.6,2022-01-16
11,NBA,Andrew Wiggins,SF,GS,GS@MIN,30.3,19.3,36,7.2,16.5,3.2,5.2,4.2,1.0,0.9,1.1,2.6,2.6,0.7,0.44,2022-01-16
12,NBA,Rudy Gobert,C,UTA,UTA@DEN,30.1,12.7,32,4.8,7.0,1.2,13.5,10.6,2.8,2.6,0.6,1.5,3.1,0.66,0.69,2022-01-16
13,NBA,Cade Cunningham,PG,DET,PHO@DET,28.6,15.4,34,5.8,14.4,5.0,5.3,4.6,0.7,0.7,1.3,4.1,1.7,0.86,0.4,2022-01-16
14,NBA,Klay Thompson,SG,GS,GS@MIN,27.2,18.9,31,7.1,16.8,2.4,3.8,3.4,0.4,0.5,1.3,2.1,1.6,0.86,0.42,2022-01-16
15,NBA,Will Barton,SG,DEN,UTA@DEN,27.1,14.9,31,5.5,13.0,3.5,5.2,4.5,0.7,0.5,0.8,1.3,1.5,0.78,0.42,2022-01-16
16,NBA,Mike Conley,PG,UTA,UTA@DEN,26.6,14.1,30,4.9,11.2,4.8,3.3,2.8,0.5,0.3,0.8,1.5,2.1,0.83,0.44,2022-01-16
17,NBA,Harrison Barnes,PF,SAC,HOU@SAC,26.2,16.4,34,5.5,11.4,2.5,5.2,4.4,0.8,0.2,0.7,1.4,3.4,0.82,0.48,2022-01-16
18,NBA,Aaron Gordon,SF,DEN,UTA@DEN,24.3,13.3,28,5.1,10.5,2.6,5.7,4.5,1.2,0.6,0.6,1.2,1.9,0.7,0.49,2022-01-16
19,NBA,Jae'Sean Tate,SF,HOU,HOU@SAC,24.2,12.3,29,4.9,9.6,3.1,5.9,4.1,1.8,0.6,0.9,1.5,1.8,0.68,0.51,2022-01-16
20,NBA,Buddy Hield,SG,SAC,HOU@SAC,24.1,15.7,31,5.5,12.9,2.3,4.0,3.4,0.6,0.3,0.9,1.4,1.5,0.87,0.43,2022-01-16
21,NBA,Otto Porter,SF,GS,GS@MIN,24.1,11.1,28,4.2,9.7,2.7,6.7,5.7,1.1,0.6,1.5,1.2,0.9,0.75,0.43,2022-01-16
22,NBA,Jordan Poole,SG,GS,GS@MIN,23.8,15.0,28,5.1,12.7,3.6,2.9,2.7,0.2,0.3,0.8,2.6,2.4,0.88,0.4,2022-01-16
23,NBA,Saddiq Bey,SF,DET,PHO@DET,23.2,14.3,33,4.9,12.6,2.0,5.4,4.4,1.0,0.2,0.7,1.4,2.2,0.85,0.39,2022-01-16
24,NBA,Kevon Looney,C,GS,GS@MIN,22.7,7.7,29,3.2,6.4,2.8,8.9,6,2.9,1.0,0.8,1.4,1.3,0.64,0.5,2022-01-16
25,NBA,Kevin Porter Jr.,SG,HOU,HOU@SAC,22.5,10.9,28,3.8,9.8,4.5,4.0,3.3,0.7,0.3,1.0,2.6,1.9,0.64,0.39,2022-01-16
26,NBA,Bojan Bogdanovic,SF,UTA,UTA@DEN,22.0,16.0,32,5.5,12.2,1.5,4.2,3.7,0.5,0.0,0.5,1.7,2.6,0.85,0.45,2022-01-16
27,NBA,Jalen Green,SG,HOU,HOU@SAC,21.4,14.9,31,5.0,12.4,2.2,3.3,2.9,0.4,0.2,0.5,2.0,3.1,0.82,0.4,2022-01-16
28,NBA,Monte Morris,PG,DEN,UTA@DEN,21.2,11.3,26,4.4,9.5,3.6,2.4,2.1,0.3,0.1,0.8,0.6,1.0,0.79,0.46,2022-01-16
29,NBA,Jordan Clarkson,SG,UTA,UTA@DEN,21.1,14.4,26,5.3,12.8,2.0,3.4,2.8,0.6,0.2,0.6,1.4,1.4,0.83,0.41,2022-01-16
30,NBA,Patrick Beverley,PG,MIN,GS@MIN,20.9,7.6,26,2.6,6.8,3.8,4.9,3.7,1.2,0.8,1.1,1.1,0.9,0.74,0.38,2022-01-16
31,NBA,Cory Joseph,PG,DET,PHO@DET,20.2,9.2,32,3.4,8.1,4.0,3.3,2.7,0.6,0.3,1.1,1.8,1.3,0.83,0.42,2022-01-16
32,NBA,Mikal Bridges,SF,PHO,PHO@DET,19.9,11.5,32,4.4,8.9,1.8,3.8,3,0.8,0.5,1.5,0.9,1.2,0.84,0.49,2022-01-16
33,NBA,Eric Gordon,SG,HOU,HOU@SAC,19.2,13.0,30,4.5,10.0,2.5,1.9,1.7,0.3,0.4,0.5,1.6,2.0,0.77,0.45,2022-01-16
34,NBA,Marvin Bagley III,PF,SAC,HOU@SAC,18.9,11.0,24,4.4,8.7,0.7,6.5,4.7,1.8,0.4,0.4,0.9,1.7,0.7,0.51,2022-01-16
35,NBA,Jarred Vanderbilt,SF,MIN,GS@MIN,18.8,5.5,26,2.3,4.4,1.3,9.6,6.6,3.1,0.8,1.4,1.1,0.8,0.58,0.52,2022-01-16
36,NBA,Isaiah Stewart,C,DET,PHO@DET,18.7,8.5,27,3.6,6.7,1.0,8.0,5.4,2.6,1.4,0.4,1.5,1.2,0.67,0.54,2022-01-16
37,NBA,Jeff Green,SF,DEN,UTA@DEN,18.3,11.6,25,4.2,8.5,1.5,3.6,3,0.5,0.5,0.4,0.7,1.8,0.81,0.49,2022-01-16
38,NBA,Joe Ingles,SG,UTA,UTA@DEN,18.0,8.1,26,2.9,6.7,3.6,3.3,3,0.3,0.2,0.6,1.4,0.6,0.78,0.43,2022-01-16
39,NBA,Facundo Campazzo,PG,DEN,UTA@DEN,17.9,6.9,21,2.2,5.8,4.0,2.2,1.9,0.3,0.5,1.2,0.8,1.2,0.82,0.38,2022-01-16
40,NBA,Malik Beasley,SG,MIN,GS@MIN,17.9,12.1,26,4.3,11.2,1.4,3.2,2.8,0.4,0.1,0.6,0.8,0.6,0.8,0.38,2022-01-16
41,NBA,Jae Crowder,SF,PHO,PHO@DET,17.8,9.2,28,3.1,8.0,1.5,4.9,4.5,0.4,0.4,1.2,0.9,1.1,0.77,0.39,2022-01-16
42,NBA,Alperen Sengun,C,HOU,HOU@SAC,17.8,8.4,19,3.0,5.9,2.3,4.9,3.1,1.8,0.9,0.7,1.7,2.2,0.69,0.51,2022-01-16
43,NBA,Cameron Payne,PG,PHO,PHO@DET,17.6,8.9,19,3.4,8.5,3.4,2.4,2.1,0.3,0.3,0.8,1.6,1.0,0.88,0.4,2022-01-16
44,NBA,Richaun Holmes,C,SAC,HOU@SAC,17.5,9.2,20,3.9,5.6,1.0,5.9,4.2,1.6,0.8,0.4,0.8,1.5,0.78,0.7,2022-01-16
45,NBA,Hamidou Diallo,SG,DET,PHO@DET,17.3,10.2,24,4.2,8.8,1.3,4.5,3.4,1.1,0.4,1.2,1.4,1.3,0.6,0.48,2022-01-16
46,NBA,Davion Mitchell,PG,SAC,HOU@SAC,16.7,8.5,25,3.5,8.7,3.0,2.0,1.6,0.4,0.3,0.7,0.7,0.5,0.64,0.4,2022-01-16
47,NBA,Royce O`Neale,PF,UTA,UTA@DEN,15.7,6.2,29,2.2,4.8,2.0,5.2,4.5,0.6,0.4,0.7,0.8,0.4,0.75,0.46,2022-01-16
48,NBA,Andre Iguodala,SF,GS,GS@MIN,15.3,4.4,20,1.7,4.1,3.4,3.5,2.9,0.6,0.7,1.0,1.2,0.4,0.62,0.41,2022-01-16
49,NBA,Killian Hayes,PG,DET,PHO@DET,15.0,5.8,26,2.2,6.6,3.4,2.7,2.3,0.4,0.4,1.2,1.9,0.7,0.81,0.33,2022-01-16
50,NBA,Nah'Shon Hyland,PG,DEN,UTA@DEN,14.6,9.1,16,3.1,8.3,1.5,2.6,2.4,0.2,0.2,0.5,0.7,1.0,0.87,0.37,2022-01-16
51,NBA,Jaden McDaniels,PF,MIN,GS@MIN,14.1,7.2,26,2.8,6.8,1.0,4.6,3.3,1.3,0.7,0.6,1.0,0.6,0.8,0.41,2022-01-16
52,NBA,Elfrid Payton,PG,PHO,PHO@DET,13.9,5.6,17,2.4,5.7,3.1,2.6,2.1,0.5,0.1,0.9,1.4,0.6,0.64,0.42,2022-01-16
53,NBA,JaVale McGee,C,PHO,PHO@DET,13.5,7.0,15,3.1,5.1,0.5,5.2,3.7,1.5,0.8,0.4,1.0,0.9,0.66,0.61,2022-01-16
54,NBA,Damion Lee,SG,GS,GS@MIN,13.4,7.4,20,2.6,6.3,1.3,3.3,3,0.3,0.1,0.7,0.8,1.0,0.88,0.41,2022-01-16
55,NBA,Rudy Gay,SF,UTA,UTA@DEN,13.2,7.3,17,2.6,6.0,1.0,4.0,3.4,0.6,0.3,0.4,0.8,0.9,0.82,0.43,2022-01-16
56,NBA,Nemanja Bjelica,PF,GS,GS@MIN,12.6,5.7,15,2.1,4.8,1.7,3.6,3,0.6,0.4,0.5,1.1,0.6,0.72,0.44,2022-01-16
57,NBA,Chimezie Metu,PF,SAC,HOU@SAC,12.4,6.3,15,2.4,5.3,0.8,3.9,3.4,0.4,0.4,0.7,0.5,0.8,0.79,0.45,2022-01-16
58,NBA,Juan Toscano-Anderson,SF,GS,GS@MIN,12.0,4.3,17,1.7,3.7,2.3,3.2,2.8,0.4,0.4,0.8,1.4,0.5,0.58,0.46,2022-01-16
59,NBA,Garrison Mathews,SF,HOU,HOU@SAC,11.8,7.5,23,2.2,5.5,0.6,2.8,2.4,0.4,0.3,0.5,0.5,1.6,0.82,0.4,2022-01-16
60,NBA,Zeke Nnaji,C,DEN,UTA@DEN,11.6,6.7,17,2.3,5.5,0.3,3.8,2.6,1.2,0.4,0.4,0.2,1.0,0.6,0.42,2022-01-16
61,NBA,Terence Davis,SG,SAC,HOU@SAC,11.3,7.0,15,2.6,5.7,1.1,2.2,2,0.3,0.2,0.5,0.8,0.7,0.83,0.46,2022-01-16
62,NBA,Josh Jackson,SF,DET,PHO@DET,11.1,6.9,16,2.6,6.5,1.1,2.5,2.1,0.4,0.4,0.4,1.3,1.0,0.71,0.4,2022-01-16
63,NBA,Naz Reid,PF,MIN,GS@MIN,10.9,6.1,13,2.2,5.0,0.5,3.3,2.2,1.1,0.7,0.4,0.6,1.0,0.71,0.44,2022-01-16
64,NBA,Trey Lyles,PF,DET,PHO@DET,10.5,5.8,14,2.0,5.0,0.7,3.3,2.5,0.7,0.4,0.3,0.7,1.2,0.8,0.4,2022-01-16
65,NBA,D.J. Augustin,PG,HOU,HOU@SAC,10.5,5.6,16,1.7,4.1,2.2,1.3,1.1,0.2,0.0,0.3,1.0,1.3,0.88,0.41,2022-01-16
66,NBA,Landry Shamet,PG,PHO,PHO@DET,10.4,6.3,19,2.1,5.4,1.2,1.6,1.4,0.2,0.1,0.6,0.5,0.6,0.85,0.39,2022-01-16
67,NBA,Damian Jones,C,SAC,HOU@SAC,10.4,5.5,14,2.2,3.0,0.7,3.4,2.3,1.1,0.4,0.3,0.6,1.1,0.72,0.73,2022-01-16
68,NBA,Alex Len,C,SAC,HOU@SAC,10.4,5.6,13,2.2,3.9,0.7,3.3,2.3,1.0,0.5,0.3,0.7,0.8,0.65,0.56,2022-01-16
69,NBA,Davon Reed,SG,DEN,UTA@DEN,10.0,4.3,14,1.6,3.5,1.1,2.6,2.2,0.4,0.2,0.8,0.1,0.2,0.76,0.46,2022-01-16
70,NBA,Taurean Waller-Prince,SF,MIN,GS@MIN,9.9,5.7,16,2.0,5.2,0.9,2.5,2.2,0.4,0.3,0.4,0.8,0.6,0.8,0.39,2022-01-16
71,NBA,Jaylen Nowell,SG,MIN,GS@MIN,9.8,5.5,12,2.1,4.8,1.3,1.7,1.4,0.3,0.1,0.4,0.4,0.7,0.76,0.44,2022-01-16
72,NBA,Jalen Smith,C,PHO,PHO@DET,9.7,5.2,12,1.9,4.2,0.2,4.1,2.6,1.5,0.5,0.2,0.6,1.1,0.83,0.45,2022-01-16
73,NBA,Saben Lee,SG,DET,PHO@DET,9.5,4.1,12,1.4,3.5,1.8,1.6,1.4,0.3,0.3,0.6,0.7,1.1,0.75,0.4,2022-01-16
74,NBA,David Nwaba,PG,HOU,HOU@SAC,9.0,4.2,12,1.5,3.2,0.6,2.9,2.2,0.7,0.5,0.5,0.3,0.8,0.7,0.47,2022-01-16
75,NBA,Eric Paschall,PF,UTA,UTA@DEN,8.9,5.6,13,2.1,4.1,0.7,2.2,1.5,0.6,0.1,0.1,0.5,1.0,0.74,0.51,2022-01-16
76,NBA,Josh Christopher,SG,HOU,HOU@SAC,8.8,5.0,13,1.9,4.1,1.3,1.7,1.2,0.6,0.1,0.6,1.1,0.8,0.82,0.46,2022-01-16
77,NBA,Kelly Olynyk,C,DET,PHO@DET,8.6,4.6,12,1.7,3.8,0.8,2.4,1.9,0.4,0.3,0.4,0.7,0.7,0.78,0.45,2022-01-16
78,NBA,Frank Jackson,PG,DET,PHO@DET,8.4,6.2,15,2.2,5.8,0.6,1.2,0.9,0.3,0.1,0.3,0.6,0.7,0.8,0.38,2022-01-16
79,NBA,Kenyon Martin Jr.,SF,HOU,HOU@SAC,8.0,4.1,12,1.6,3.2,0.6,2.4,1.8,0.7,0.3,0.3,0.4,0.6,0.68,0.5,2022-01-16
80,NBA,Maurice Harkless,SF,SAC,HOU@SAC,7.9,3.8,16,1.5,3.1,0.6,2.2,1.8,0.4,0.4,0.6,0.4,0.4,0.66,0.48,2022-01-16
81,NBA,Luka Garza,PF,DET,PHO@DET,7.4,4.3,10,1.5,3.5,0.4,2.3,0.9,1.4,0.2,0.2,0.4,0.8,0.62,0.43,2022-01-16
82,NBA,Josh Okogie,SG,MIN,GS@MIN,7.3,3.6,14,1.2,3.1,0.6,2.2,1.4,0.7,0.3,0.6,0.6,0.8,0.74,0.39,2022-01-16
83,NBA,Jonathan Kuminga,SF,GS,GS@MIN,7.1,5.0,9,1.8,4.0,0.4,1.6,1.3,0.3,0.2,0.3,0.7,1.0,0.62,0.45,2022-01-16
84,NBA,Austin Rivers,SG,DEN,UTA@DEN,6.4,3.6,11,1.3,3.2,0.8,1.1,0.9,0.1,0.1,0.3,0.3,0.3,0.65,0.41,2022-01-16
85,NBA,Chris Chiozza,PG,GS,GS@MIN,6.0,1.7,8,0.6,2.3,1.9,1.0,0.8,0.2,0.0,0.3,0.9,0.1,0.8,0.26,2022-01-16
86,NBA,Markus Howard,PG,DEN,UTA@DEN,4.6,3.6,6,1.2,3.5,0.3,0.4,0.4,0.0,0.0,0.2,0.2,0.3,0.84,0.34,2022-01-16
87,NBA,Daniel Theis,C,HOU,HOU@SAC,3.8,1.9,5,0.7,1.4,0.3,1.3,0.9,0.4,0.2,0.1,0.2,0.3,0.7,0.5,2022-01-16
0,NBA,Nikola Jokic,C,DEN,UTA@DEN,52.1,25.3,33,9.7,18.5,7.5,12.2,10,2.2,0.8,1.3,2.6,4.2,0.82,0.52,2022-01-16
1,NBA,Karl-Anthony Towns,C,MIN,GS@MIN,38.8,22.1,34,7.7,16.0,3.5,10.8,7.7,3.1,1.4,0.9,3.3,4.1,0.82,0.48,2022-01-16
2,NBA,De`Aaron Fox,PG,SAC,HOU@SAC,36.9,21.7,34,8.1,16.1,6.3,3.5,3.1,0.4,0.4,1.4,2.7,4.4,0.73,0.5,2022-01-16
3,NBA,Devin Booker,SG,PHO,PHO@DET,35.3,23.2,34,8.2,18.3,4.5,4.9,4.3,0.6,0.3,1.0,3.1,4.5,0.88,0.45,2022-01-16
4,NBA,Chris Paul,PG,PHO,PHO@DET,35.2,14.4,32,5.4,11.5,8.2,4.5,4.2,0.4,0.2,2.1,2.3,2.3,0.88,0.47,2022-01-16
5,NBA,Tyrese Haliburton,PG,SAC,HOU@SAC,33.6,14.9,35,5.7,11.2,7.4,3.6,3.1,0.5,0.5,1.8,2.0,1.4,0.83,0.51,2022-01-16
6,NBA,Christian Wood,PF,HOU,HOU@SAC,33.5,19.7,33,7.1,14.2,1.9,10.1,8.2,2.0,0.9,0.8,1.8,3.9,0.66,0.5,2022-01-16
7,NBA,Donovan Mitchell,SG,UTA,UTA@DEN,33.4,22.1,34,8.0,18.5,4.1,4.1,3.4,0.7,0.3,1.0,2.4,3.3,0.86,0.43,2022-01-16
8,NBA,D`Angelo Russell,PG,MIN,GS@MIN,32.2,17.8,32,6.4,15.9,5.9,3.7,3.2,0.4,0.4,1.0,2.5,2.0,0.8,0.4,2022-01-16
9,NBA,Anthony Edwards,SG,MIN,GS@MIN,31.0,20.3,34,7.3,17.2,3.2,5.2,4.3,0.9,0.6,1.3,2.7,2.6,0.8,0.42,2022-01-16
10,NBA,Deandre Ayton,C,PHO,PHO@DET,30.7,16.8,31,7.4,12.4,1.5,10.6,7.8,2.9,1.0,0.9,1.7,1.9,0.75,0.6,2022-01-16
11,NBA,Andrew Wiggins,SF,GS,GS@MIN,30.3,19.3,36,7.2,16.5,3.2,5.2,4.2,1.0,0.9,1.1,2.6,2.6,0.7,0.44,2022-01-16
12,NBA,Rudy Gobert,C,UTA,UTA@DEN,30.1,12.7,32,4.8,7.0,1.2,13.5,10.6,2.8,2.6,0.6,1.5,3.1,0.66,0.69,2022-01-16
13,NBA,Cade Cunningham,PG,DET,PHO@DET,28.6,15.4,34,5.8,14.4,5.0,5.3,4.6,0.7,0.7,1.3,4.1,1.7,0.86,0.4,2022-01-16
14,NBA,Klay Thompson,SG,GS,GS@MIN,27.2,18.9,31,7.1,16.8,2.4,3.8,3.4,0.4,0.5,1.3,2.1,1.6,0.86,0.42,2022-01-16
15,NBA,Will Barton,SG,DEN,UTA@DEN,27.1,14.9,31,5.5,13.0,3.5,5.2,4.5,0.7,0.5,0.8,1.3,1.5,0.78,0.42,2022-01-16
16,NBA,Mike Conley,PG,UTA,UTA@DEN,26.6,14.1,30,4.9,11.2,4.8,3.3,2.8,0.5,0.3,0.8,1.5,2.1,0.83,0.44,2022-01-16
17,NBA,Harrison Barnes,PF,SAC,HOU@SAC,26.2,16.4,34,5.5,11.4,2.5,5.2,4.4,0.8,0.2,0.7,1.4,3.4,0.82,0.48,2022-01-16
18,NBA,Aaron Gordon,SF,DEN,UTA@DEN,24.3,13.3,28,5.1,10.5,2.6,5.7,4.5,1.2,0.6,0.6,1.2,1.9,0.7,0.49,2022-01-16
19,NBA,Jae'Sean Tate,SF,HOU,HOU@SAC,24.2,12.3,29,4.9,9.6,3.1,5.9,4.1,1.8,0.6,0.9,1.5,1.8,0.68,0.51,2022-01-16
20,NBA,Buddy Hield,SG,SAC,HOU@SAC,24.1,15.7,31,5.5,12.9,2.3,4.0,3.4,0.6,0.3,0.9,1.4,1.5,0.87,0.43,2022-01-16
21,NBA,Otto Porter,SF,GS,GS@MIN,24.1,11.1,28,4.2,9.7,2.7,6.7,5.7,1.1,0.6,1.5,1.2,0.9,0.75,0.43,2022-01-16
22,NBA,Jordan Poole,SG,GS,GS@MIN,23.8,15.0,28,5.1,12.7,3.6,2.9,2.7,0.2,0.3,0.8,2.6,2.4,0.88,0.4,2022-01-16
23,NBA,Saddiq Bey,SF,DET,PHO@DET,23.2,14.3,33,4.9,12.6,2.0,5.4,4.4,1.0,0.2,0.7,1.4,2.2,0.85,0.39,2022-01-16
24,NBA,Kevon Looney,C,GS,GS@MIN,22.7,7.7,29,3.2,6.4,2.8,8.9,6,2.9,1.0,0.8,1.4,1.3,0.64,0.5,2022-01-16
25,NBA,Kevin Porter Jr.,SG,HOU,HOU@SAC,22.5,10.9,28,3.8,9.8,4.5,4.0,3.3,0.7,0.3,1.0,2.6,1.9,0.64,0.39,2022-01-16
26,NBA,Bojan Bogdanovic,SF,UTA,UTA@DEN,22.0,16.0,32,5.5,12.2,1.5,4.2,3.7,0.5,0.0,0.5,1.7,2.6,0.85,0.45,2022-01-16
27,NBA,Jalen Green,SG,HOU,HOU@SAC,21.4,14.9,31,5.0,12.4,2.2,3.3,2.9,0.4,0.2,0.5,2.0,3.1,0.82,0.4,2022-01-16
28,NBA,Monte Morris,PG,DEN,UTA@DEN,21.2,11.3,26,4.4,9.5,3.6,2.4,2.1,0.3,0.1,0.8,0.6,1.0,0.79,0.46,2022-01-16
29,NBA,Jordan Clarkson,SG,UTA,UTA@DEN,21.1,14.4,26,5.3,12.8,2.0,3.4,2.8,0.6,0.2,0.6,1.4,1.4,0.83,0.41,2022-01-16
30,NBA,Patrick Beverley,PG,MIN,GS@MIN,20.9,7.6,26,2.6,6.8,3.8,4.9,3.7,1.2,0.8,1.1,1.1,0.9,0.74,0.38,2022-01-16
31,NBA,Cory Joseph,PG,DET,PHO@DET,20.2,9.2,32,3.4,8.1,4.0,3.3,2.7,0.6,0.3,1.1,1.8,1.3,0.83,0.42,2022-01-16
32,NBA,Mikal Bridges,SF,PHO,PHO@DET,19.9,11.5,32,4.4,8.9,1.8,3.8,3,0.8,0.5,1.5,0.9,1.2,0.84,0.49,2022-01-16
33,NBA,Eric Gordon,SG,HOU,HOU@SAC,19.2,13.0,30,4.5,10.0,2.5,1.9,1.7,0.3,0.4,0.5,1.6,2.0,0.77,0.45,2022-01-16
34,NBA,Marvin Bagley III,PF,SAC,HOU@SAC,18.9,11.0,24,4.4,8.7,0.7,6.5,4.7,1.8,0.4,0.4,0.9,1.7,0.7,0.51,2022-01-16
35,NBA,Jarred Vanderbilt,SF,MIN,GS@MIN,18.8,5.5,26,2.3,4.4,1.3,9.6,6.6,3.1,0.8,1.4,1.1,0.8,0.58,0.52,2022-01-16
36,NBA,Isaiah Stewart,C,DET,PHO@DET,18.7,8.5,27,3.6,6.7,1.0,8.0,5.4,2.6,1.4,0.4,1.5,1.2,0.67,0.54,2022-01-16
37,NBA,Jeff Green,SF,DEN,UTA@DEN,18.3,11.6,25,4.2,8.5,1.5,3.6,3,0.5,0.5,0.4,0.7,1.8,0.81,0.49,2022-01-16
38,NBA,Joe Ingles,SG,UTA,UTA@DEN,18.0,8.1,26,2.9,6.7,3.6,3.3,3,0.3,0.2,0.6,1.4,0.6,0.78,0.43,2022-01-16
39,NBA,Facundo Campazzo,PG,DEN,UTA@DEN,17.9,6.9,21,2.2,5.8,4.0,2.2,1.9,0.3,0.5,1.2,0.8,1.2,0.82,0.38,2022-01-16
40,NBA,Malik Beasley,SG,MIN,GS@MIN,17.9,12.1,26,4.3,11.2,1.4,3.2,2.8,0.4,0.1,0.6,0.8,0.6,0.8,0.38,2022-01-16
41,NBA,Jae Crowder,SF,PHO,PHO@DET,17.8,9.2,28,3.1,8.0,1.5,4.9,4.5,0.4,0.4,1.2,0.9,1.1,0.77,0.39,2022-01-16
42,NBA,Alperen Sengun,C,HOU,HOU@SAC,17.8,8.4,19,3.0,5.9,2.3,4.9,3.1,1.8,0.9,0.7,1.7,2.2,0.69,0.51,2022-01-16
43,NBA,Cameron Payne,PG,PHO,PHO@DET,17.6,8.9,19,3.4,8.5,3.4,2.4,2.1,0.3,0.3,0.8,1.6,1.0,0.88,0.4,2022-01-16
44,NBA,Richaun Holmes,C,SAC,HOU@SAC,17.5,9.2,20,3.9,5.6,1.0,5.9,4.2,1.6,0.8,0.4,0.8,1.5,0.78,0.7,2022-01-16
45,NBA,Hamidou Diallo,SG,DET,PHO@DET,17.3,10.2,24,4.2,8.8,1.3,4.5,3.4,1.1,0.4,1.2,1.4,1.3,0.6,0.48,2022-01-16
46,NBA,Davion Mitchell,PG,SAC,HOU@SAC,16.7,8.5,25,3.5,8.7,3.0,2.0,1.6,0.4,0.3,0.7,0.7,0.5,0.64,0.4,2022-01-16
47,NBA,Royce O`Neale,PF,UTA,UTA@DEN,15.7,6.2,29,2.2,4.8,2.0,5.2,4.5,0.6,0.4,0.7,0.8,0.4,0.75,0.46,2022-01-16
48,NBA,Andre Iguodala,SF,GS,GS@MIN,15.3,4.4,20,1.7,4.1,3.4,3.5,2.9,0.6,0.7,1.0,1.2,0.4,0.62,0.41,2022-01-16
49,NBA,Killian Hayes,PG,DET,PHO@DET,15.0,5.8,26,2.2,6.6,3.4,2.7,2.3,0.4,0.4,1.2,1.9,0.7,0.81,0.33,2022-01-16
50,NBA,Nah'Shon Hyland,PG,DEN,UTA@DEN,14.6,9.1,16,3.1,8.3,1.5,2.6,2.4,0.2,0.2,0.5,0.7,1.0,0.87,0.37,2022-01-16
51,NBA,Jaden McDaniels,PF,MIN,GS@MIN,14.1,7.2,26,2.8,6.8,1.0,4.6,3.3,1.3,0.7,0.6,1.0,0.6,0.8,0.41,2022-01-16
52,NBA,Elfrid Payton,PG,PHO,PHO@DET,13.9,5.6,17,2.4,5.7,3.1,2.6,2.1,0.5,0.1,0.9,1.4,0.6,0.64,0.42,2022-01-16
53,NBA,JaVale McGee,C,PHO,PHO@DET,13.5,7.0,15,3.1,5.1,0.5,5.2,3.7,1.5,0.8,0.4,1.0,0.9,0.66,0.61,2022-01-16
54,NBA,Damion Lee,SG,GS,GS@MIN,13.4,7.4,20,2.6,6.3,1.3,3.3,3,0.3,0.1,0.7,0.8,1.0,0.88,0.41,2022-01-16
55,NBA,Rudy Gay,SF,UTA,UTA@DEN,13.2,7.3,17,2.6,6.0,1.0,4.0,3.4,0.6,0.3,0.4,0.8,0.9,0.82,0.43,2022-01-16
56,NBA,Nemanja Bjelica,PF,GS,GS@MIN,12.6,5.7,15,2.1,4.8,1.7,3.6,3,0.6,0.4,0.5,1.1,0.6,0.72,0.44,2022-01-16
57,NBA,Chimezie Metu,PF,SAC,HOU@SAC,12.4,6.3,15,2.4,5.3,0.8,3.9,3.4,0.4,0.4,0.7,0.5,0.8,0.79,0.45,2022-01-16
58,NBA,Juan Toscano-Anderson,SF,GS,GS@MIN,12.0,4.3,17,1.7,3.7,2.3,3.2,2.8,0.4,0.4,0.8,1.4,0.5,0.58,0.46,2022-01-16
59,NBA,Garrison Mathews,SF,HOU,HOU@SAC,11.8,7.5,23,2.2,5.5,0.6,2.8,2.4,0.4,0.3,0.5,0.5,1.6,0.82,0.4,2022-01-16
60,NBA,Zeke Nnaji,C,DEN,UTA@DEN,11.6,6.7,17,2.3,5.5,0.3,3.8,2.6,1.2,0.4,0.4,0.2,1.0,0.6,0.42,2022-01-16
61,NBA,Terence Davis,SG,SAC,HOU@SAC,11.3,7.0,15,2.6,5.7,1.1,2.2,2,0.3,0.2,0.5,0.8,0.7,0.83,0.46,2022-01-16
62,NBA,Josh Jackson,SF,DET,PHO@DET,11.1,6.9,16,2.6,6.5,1.1,2.5,2.1,0.4,0.4,0.4,1.3,1.0,0.71,0.4,2022-01-16
63,NBA,Naz Reid,PF,MIN,GS@MIN,10.9,6.1,13,2.2,5.0,0.5,3.3,2.2,1.1,0.7,0.4,0.6,1.0,0.71,0.44,2022-01-16
64,NBA,Trey Lyles,PF,DET,PHO@DET,10.5,5.8,14,2.0,5.0,0.7,3.3,2.5,0.7,0.4,0.3,0.7,1.2,0.8,0.4,2022-01-16
65,NBA,D.J. Augustin,PG,HOU,HOU@SAC,10.5,5.6,16,1.7,4.1,2.2,1.3,1.1,0.2,0.0,0.3,1.0,1.3,0.88,0.41,2022-01-16
66,NBA,Landry Shamet,PG,PHO,PHO@DET,10.4,6.3,19,2.1,5.4,1.2,1.6,1.4,0.2,0.1,0.6,0.5,0.6,0.85,0.39,2022-01-16
67,NBA,Damian Jones,C,SAC,HOU@SAC,10.4,5.5,14,2.2,3.0,0.7,3.4,2.3,1.1,0.4,0.3,0.6,1.1,0.72,0.73,2022-01-16
68,NBA,Alex Len,C,SAC,HOU@SAC,10.4,5.6,13,2.2,3.9,0.7,3.3,2.3,1.0,0.5,0.3,0.7,0.8,0.65,0.56,2022-01-16
69,NBA,Davon Reed,SG,DEN,UTA@DEN,10.0,4.3,14,1.6,3.5,1.1,2.6,2.2,0.4,0.2,0.8,0.1,0.2,0.76,0.46,2022-01-16
70,NBA,Taurean Waller-Prince,SF,MIN,GS@MIN,9.9,5.7,16,2.0,5.2,0.9,2.5,2.2,0.4,0.3,0.4,0.8,0.6,0.8,0.39,2022-01-16
71,NBA,Jaylen Nowell,SG,MIN,GS@MIN,9.8,5.5,12,2.1,4.8,1.3,1.7,1.4,0.3,0.1,0.4,0.4,0.7,0.76,0.44,2022-01-16
72,NBA,Jalen Smith,C,PHO,PHO@DET,9.7,5.2,12,1.9,4.2,0.2,4.1,2.6,1.5,0.5,0.2,0.6,1.1,0.83,0.45,2022-01-16
73,NBA,Saben Lee,SG,DET,PHO@DET,9.5,4.1,12,1.4,3.5,1.8,1.6,1.4,0.3,0.3,0.6,0.7,1.1,0.75,0.4,2022-01-16
74,NBA,David Nwaba,PG,HOU,HOU@SAC,9.0,4.2,12,1.5,3.2,0.6,2.9,2.2,0.7,0.5,0.5,0.3,0.8,0.7,0.47,2022-01-16
75,NBA,Eric Paschall,PF,UTA,UTA@DEN,8.9,5.6,13,2.1,4.1,0.7,2.2,1.5,0.6,0.1,0.1,0.5,1.0,0.74,0.51,2022-01-16
76,NBA,Josh Christopher,SG,HOU,HOU@SAC,8.8,5.0,13,1.9,4.1,1.3,1.7,1.2,0.6,0.1,0.6,1.1,0.8,0.82,0.46,2022-01-16
77,NBA,Kelly Olynyk,C,DET,PHO@DET,8.6,4.6,12,1.7,3.8,0.8,2.4,1.9,0.4,0.3,0.4,0.7,0.7,0.78,0.45,2022-01-16
78,NBA,Frank Jackson,PG,DET,PHO@DET,8.4,6.2,15,2.2,5.8,0.6,1.2,0.9,0.3,0.1,0.3,0.6,0.7,0.8,0.38,2022-01-16
79,NBA,Kenyon Martin Jr.,SF,HOU,HOU@SAC,8.0,4.1,12,1.6,3.2,0.6,2.4,1.8,0.7,0.3,0.3,0.4,0.6,0.68,0.5,2022-01-16
80,NBA,Maurice Harkless,SF,SAC,HOU@SAC,7.9,3.8,16,1.5,3.1,0.6,2.2,1.8,0.4,0.4,0.6,0.4,0.4,0.66,0.48,2022-01-16
81,NBA,Luka Garza,PF,DET,PHO@DET,7.4,4.3,10,1.5,3.5,0.4,2.3,0.9,1.4,0.2,0.2,0.4,0.8,0.62,0.43,2022-01-16
82,NBA,Josh Okogie,SG,MIN,GS@MIN,7.3,3.6,14,1.2,3.1,0.6,2.2,1.4,0.7,0.3,0.6,0.6,0.8,0.74,0.39,2022-01-16
83,NBA,Jonathan Kuminga,SF,GS,GS@MIN,7.1,5.0,9,1.8,4.0,0.4,1.6,1.3,0.3,0.2,0.3,0.7,1.0,0.62,0.45,2022-01-16
84,NBA,Austin Rivers,SG,DEN,UTA@DEN,6.4,3.6,11,1.3,3.2,0.8,1.1,0.9,0.1,0.1,0.3,0.3,0.3,0.65,0.41,2022-01-16
85,NBA,Chris Chiozza,PG,GS,GS@MIN,6.0,1.7,8,0.6,2.3,1.9,1.0,0.8,0.2,0.0,0.3,0.9,0.1,0.8,0.26,2022-01-16
86,NBA,Markus Howard,PG,DEN,UTA@DEN,4.6,3.6,6,1.2,3.5,0.3,0.4,0.4,0.0,0.0,0.2,0.2,0.3,0.84,0.34,2022-01-16
87,NBA,Daniel Theis,C,HOU,HOU@SAC,3.8,1.9,5,0.7,1.4,0.3,1.3,0.9,0.4,0.2,0.1,0.2,0.3,0.7,0.5,2022-01-16
0,NBA,Luka Doncic,SF,DAL,OKC@DAL,51.4,27.1,36,9.4,21.9,8.8,8.9,8,0.9,0.4,1.0,3.6,5.4,0.73,0.43,2022-01-17
1,NBA,Giannis Antetokounmpo,PF,MIL,MIL@ATL,51.1,29.2,33,10.8,18.5,6.3,10.3,8.4,1.9,1.3,1.0,3.4,6.5,0.69,0.58,2022-01-17
2,NBA,James Harden,SG,BKN,BKN@CLE,49.7,24.0,39,7.6,17.2,10.4,7.2,6.5,0.6,0.8,1.3,4.5,6.2,0.87,0.44,2022-01-17
3,NBA,LeBron James,SF,LAL,UTA@LAL,49.1,27.4,36,10.4,19.9,7.6,7.1,6.3,0.8,0.9,1.4,2.9,4.1,0.72,0.52,2022-01-17
4,NBA,Joel Embiid,C,PHI,PHI@WAS,46.0,27.8,32,9.0,19.1,4.2,10.0,8,2.0,1.6,1.1,2.8,8.5,0.82,0.47,2022-01-17
5,NBA,DeMar DeRozan,SG,CHI,CHI@MEM,45.3,26.4,34,9.6,20.5,7.6,5.4,4.8,0.6,0.4,1.2,3.2,6.7,0.85,0.47,2022-01-17
6,NBA,Ja Morant,PG,MEM,CHI@MEM,43.8,24.3,34,9.1,19.0,8.0,5.5,4.3,1.2,0.4,1.0,3.3,4.6,0.76,0.48,2022-01-17
7,NBA,Trae Young,PG,ATL,MIL@ATL,43.3,25.1,34,7.9,18.2,8.4,3.9,3.5,0.4,0.1,1.1,3.7,6.6,0.88,0.43,2022-01-17
8,NBA,Darius Garland,PG,CLE,BKN@CLE,43.2,22.3,35,8.4,18.6,9.7,3.0,2.3,0.7,0.1,1.4,3.0,2.4,0.91,0.45,2022-01-17
9,NBA,Jayson Tatum,SF,BOS,NO@BOS,41.7,25.3,37,8.8,19.9,4.3,8.4,7.4,1.0,1.1,1.3,3.0,4.8,0.85,0.44,2022-01-17
10,NBA,Russell Westbrook,PG,LAL,UTA@LAL,41.6,18.7,36,7.3,15.9,8.4,7.8,6.8,1.1,0.4,1.3,3.3,3.2,0.68,0.46,2022-01-17
11,NBA,Nikola Vucevic,C,CHI,CHI@MEM,41.5,20.9,33,8.6,18.3,4.2,11.5,10,1.5,1.3,1.3,2.0,1.6,0.78,0.47,2022-01-17
12,NBA,Dejounte Murray,PG,SA,PHO@SA,39.5,16.8,32,6.9,15.3,7.8,7.4,6.2,1.2,0.3,1.6,2.2,1.6,0.74,0.45,2022-01-17
13,NBA,Julius Randle,PF,NY,CHA@NY,39.1,21.1,35,7.7,17.1,5.3,10.1,8.5,1.5,0.5,0.9,4.0,3.7,0.76,0.45,2022-01-17
14,NBA,Domantas Sabonis,PF,IND,IND@LAC,39.0,18.1,37,6.9,13.1,5.0,12.9,10,2.9,0.8,0.9,3.6,3.7,0.73,0.53,2022-01-17
15,NBA,Jimmy Butler,SF,MIA,TOR@MIA,38.1,19.9,34,6.8,13.4,6.5,5.5,3.8,1.6,0.5,1.5,2.3,5.7,0.86,0.51,2022-01-17
16,NBA,Jaylen Brown,SG,BOS,NO@BOS,36.0,24.0,35,8.8,18.2,3.2,6.7,5.8,1.0,0.6,1.4,3.0,3.5,0.76,0.48,2022-01-17
17,NBA,Devin Booker,SG,PHO,PHO@SA,35.7,23.5,34,8.2,18.0,4.5,4.8,4.2,0.5,0.3,0.7,2.5,4.7,0.88,0.46,2022-01-17
18,NBA,Chris Paul,PG,PHO,PHO@SA,35.2,14.5,32,5.4,11.3,8.2,4.5,4.1,0.4,0.3,1.5,1.9,2.4,0.88,0.48,2022-01-17
19,NBA,Donovan Mitchell,SG,UTA,UTA@LAL,34.7,23.3,34,8.4,18.9,4.2,4.1,3.2,0.8,0.2,1.4,2.8,3.5,0.85,0.44,2022-01-17
20,NBA,Kyrie Irving,PG,BKN,BKN@CLE,34.4,20.3,34,7.8,16.2,5.1,4.5,3.8,0.6,0.6,1.1,2.3,2.6,0.91,0.48,2022-01-17
21,NBA,C.J. McCollum,SG,POR,POR@ORL,34.4,21.3,35,8.1,17.9,4.4,4.7,3.8,0.8,0.5,1.0,1.9,1.8,0.76,0.45,2022-01-17
22,NBA,Khris Middleton,SF,MIL,MIL@ATL,34.3,20.1,32,7.1,15.6,5.3,5.1,4.4,0.7,0.1,1.0,2.7,3.3,0.89,0.46,2022-01-17
23,NBA,Fred VanVleet,PG,TOR,TOR@MIA,34.3,18.7,37,6.3,14.9,6.1,3.6,3.1,0.5,0.4,1.7,2.3,2.6,0.86,0.42,2022-01-17
24,NBA,Evan Mobley,C,CLE,BKN@CLE,33.3,17.5,36,7.4,14.5,3.6,8.0,5.7,2.3,1.4,1.0,2.0,2.3,0.69,0.51,2022-01-17
25,NBA,Brandon Ingram,SF,NO,NO@BOS,33.2,20.5,34,7.5,16.8,4.5,5.1,4.5,0.6,0.4,0.6,2.5,3.7,0.81,0.45,2022-01-17
26,NBA,Marcus Morris,PF,LAC,IND@LAC,33.1,21.0,40,7.5,16.9,2.5,7.4,6.4,1.0,0.5,0.9,1.7,3.0,0.85,0.44,2022-01-17
27,NBA,Shai Gilgeous-Alexander,PG,OKC,OKC@DAL,32.5,19.6,35,6.8,15.9,4.7,4.4,3.9,0.6,0.6,0.8,2.2,4.5,0.82,0.43,2022-01-17
28,NBA,Miles Bridges,PF,CHA,CHA@NY,32.3,19.2,36,7.4,16.1,3.2,6.6,5.4,1.2,0.8,1.0,1.8,2.4,0.78,0.46,2022-01-17
29,NBA,Tyler Herro,SG,MIA,TOR@MIA,32.3,20.4,33,7.6,16.8,4.9,4.5,4,0.4,0.2,0.6,3.1,2.7,0.86,0.45,2022-01-17
30,NBA,Cole Anthony,PG,ORL,POR@ORL,32.2,16.2,32,5.7,13.5,5.5,6.2,5.6,0.5,0.3,0.7,2.2,2.9,0.84,0.42,2022-01-17
31,NBA,Tobias Harris,SF,PHI,PHI@WAS,32.1,17.8,35,6.8,14.7,3.8,6.7,5.7,1.0,0.6,0.8,1.4,2.9,0.86,0.46,2022-01-17
32,NBA,Pascal Siakam,PF,TOR,TOR@MIA,30.9,17.6,35,6.6,14.2,3.6,6.7,5.2,1.5,0.6,1.2,2.5,3.1,0.76,0.47,2022-01-17
33,NBA,Jusuf Nurkic,C,POR,POR@ORL,30.5,13.1,27,5.1,9.7,3.2,11.4,8.7,2.7,0.9,1.1,2.4,2.8,0.71,0.53,2022-01-17
34,NBA,RJ Barrett,SF,NY,CHA@NY,30.3,19.3,33,7.1,16.0,3.4,5.5,4.9,0.6,0.3,0.8,2.5,2.9,0.69,0.44,2022-01-17
35,NBA,Kristaps Porzingis,PF,DAL,OKC@DAL,30.3,17.7,31,5.9,14.0,1.7,8.1,6.4,1.7,1.5,0.6,1.1,4.0,0.85,0.42,2022-01-17
36,NBA,LaMelo Ball,PG,CHA,CHA@NY,30.2,15.2,24,5.6,13.3,5.5,4.9,3.8,1.1,0.3,1.1,2.2,2.0,0.84,0.42,2022-01-17
37,NBA,Rudy Gobert,C,UTA,UTA@LAL,30.2,13.0,32,4.9,7.1,1.2,13.5,10,3.4,2.3,0.7,1.7,3.2,0.66,0.69,2022-01-17
38,NBA,Bradley Beal,SG,WAS,PHI@WAS,30.1,19.3,29,7.0,14.8,4.1,3.6,2.8,0.8,0.4,0.6,2.1,3.7,0.85,0.47,2022-01-17
39,NBA,Jonas Valanciunas,C,NO,NO@BOS,29.0,15.5,29,6.1,11.4,2.0,10.5,7.6,2.8,0.7,0.4,2.1,2.6,0.8,0.54,2022-01-17
40,NBA,Kevin Love,PF,CLE,BKN@CLE,29.0,16.5,24,5.3,12.0,2.8,7.7,6.4,1.4,0.2,0.5,1.4,2.9,0.86,0.44,2022-01-17
41,NBA,Jarrett Allen,C,CLE,BKN@CLE,28.6,13.7,30,5.6,8.8,2.0,10.1,6.3,3.8,1.2,0.9,1.4,2.5,0.68,0.64,2022-01-17
42,NBA,John Collins,PF,ATL,MIL@ATL,28.6,17.3,32,6.4,11.8,1.6,7.9,6.5,1.4,1.0,0.6,1.4,3.1,0.8,0.54,2022-01-17
43,NBA,Terry Rozier,PG,CHA,CHA@NY,28.4,16.9,34,6.2,14.8,3.5,4.3,3.6,0.7,0.4,1.1,1.3,1.8,0.81,0.42,2022-01-17
44,NBA,Coby White,PG,CHI,CHI@MEM,28.1,16.8,31,6.1,14.0,4.1,3.9,3.7,0.2,0.4,0.8,2.0,1.9,0.83,0.44,2022-01-17
45,NBA,Franz Wagner,PF,ORL,POR@ORL,28.1,16.8,33,6.5,13.2,3.2,5.1,4,1.1,0.5,0.9,1.6,2.8,0.85,0.49,2022-01-17
46,NBA,Caris LeVert,SF,IND,IND@LAC,27.9,15.8,30,6.1,14.9,4.1,3.9,3.1,0.8,1.0,1.1,2.2,2.2,0.76,0.41,2022-01-17
47,NBA,Spencer Dinwiddie,PG,WAS,PHI@WAS,27.8,14.8,30,5.0,11.2,5.3,3.3,2.8,0.5,0.2,0.5,1.6,3.4,0.79,0.45,2022-01-17
48,NBA,Tyrese Maxey,SG,PHI,PHI@WAS,27.6,15.3,32,5.8,13.0,4.5,2.9,2.6,0.3,0.5,0.7,0.9,2.4,0.86,0.45,2022-01-17
49,NBA,Jaren Jackson Jr.,PF,MEM,CHI@MEM,27.6,18.0,29,6.3,14.6,1.3,6.0,4.5,1.4,1.8,0.9,1.8,3.4,0.81,0.43,2022-01-17
50,NBA,Josh Giddey,SF,OKC,OKC@DAL,27.4,10.6,31,4.3,10.7,5.7,6.9,5.6,1.3,0.4,0.8,2.6,0.9,0.67,0.4,2022-01-17
51,NBA,Gordon Hayward,SF,CHA,CHA@NY,27.3,15.9,32,5.9,13.0,3.6,4.6,3.9,0.7,0.4,0.8,1.6,2.5,0.85,0.45,2022-01-17
52,NBA,Reggie Jackson,PG,LAC,IND@LAC,27.3,15.8,31,5.9,14.6,4.4,3.5,3.1,0.4,0.1,0.9,1.9,1.6,0.85,0.4,2022-01-17
53,NBA,Mike Conley,PG,UTA,UTA@LAL,27.3,14.6,30,5.0,11.3,5.0,3.3,2.7,0.6,0.2,1.0,1.7,2.1,0.83,0.44,2022-01-17
54,NBA,Desmond Bane,SF,MEM,CHI@MEM,26.7,17.0,31,6.5,13.9,2.5,4.8,4.2,0.5,0.5,0.9,1.4,1.2,0.88,0.47,2022-01-17
55,NBA,Norman Powell,SF,POR,POR@ORL,26.6,18.8,31,6.5,13.6,2.3,3.7,3.2,0.5,0.4,1.0,1.8,3.3,0.83,0.48,2022-01-17
56,NBA,Derrick White,PG,SA,PHO@SA,26.3,13.1,28,4.5,10.8,4.9,3.2,2.7,0.4,0.8,1.0,1.6,2.5,0.84,0.42,2022-01-17
57,NBA,Anfernee Simons,SG,POR,POR@ORL,25.8,15.7,31,5.6,12.7,3.7,3.7,3.1,0.6,0.2,0.6,1.8,1.5,0.88,0.44,2022-01-17
58,NBA,OG Anunoby,SF,TOR,TOR@MIA,25.8,17.0,34,6.2,13.8,2.2,4.5,3.4,1.2,0.5,1.4,1.9,2.0,0.75,0.45,2022-01-17
59,NBA,Lauri Markkanen,PF,CLE,BKN@CLE,25.1,15.2,30,5.5,12.8,1.8,6.0,4.5,1.5,0.5,0.8,0.9,2.0,0.86,0.43,2022-01-17
60,NBA,Andre Drummond,C,PHI,PHI@WAS,25.0,9.2,25,3.8,7.3,1.7,10.8,7.5,3.3,1.5,1.7,1.5,1.7,0.56,0.52,2022-01-17
61,NBA,Devonte Graham,PG,NO,NO@BOS,24.8,13.3,30,4.4,11.6,4.8,2.5,2.1,0.4,0.1,0.9,1.7,1.7,0.83,0.38,2022-01-17
62,NBA,Jalen Suggs,PG,ORL,POR@ORL,24.8,14.0,28,5.1,12.5,4.4,3.8,3.1,0.6,0.4,1.1,3.2,2.7,0.75,0.41,2022-01-17
63,NBA,Al Horford,C,BOS,NO@BOS,24.6,10.0,26,3.9,8.1,3.6,6.5,5.2,1.3,1.3,0.7,1.1,1.1,0.83,0.48,2022-01-17
64,NBA,Scottie Barnes,SF,TOR,TOR@MIA,24.6,11.9,35,4.7,10.1,3.4,6.5,4.5,2.0,0.7,0.9,2.1,1.8,0.71,0.47,2022-01-17
65,NBA,Bobby Portis,PF,MIL,MIL@ATL,24.5,13.8,27,5.5,11.0,1.4,7.7,5.6,2.1,0.7,0.7,1.2,1.2,0.77,0.5,2022-01-17
66,NBA,Mohamed Bamba,C,ORL,POR@ORL,24.5,10.7,30,4.4,9.0,1.5,9.5,7.3,2.1,2.0,0.7,1.4,0.8,0.71,0.49,2022-01-17
67,NBA,Dennis Schroder,PG,BOS,NO@BOS,24.3,13.3,28,4.8,10.7,4.4,3.2,2.8,0.3,0.1,0.8,2.0,2.3,0.83,0.45,2022-01-17
68,NBA,Steven Adams,C,MEM,CHI@MEM,23.9,8.8,28,3.7,6.2,2.6,9.6,5.4,4.2,0.7,0.9,1.3,1.4,0.55,0.6,2022-01-17
69,NBA,Keldon Johnson,SG,SA,PHO@SA,23.9,14.7,31,5.4,11.8,1.8,6.3,5.1,1.2,0.2,0.6,1.4,2.1,0.74,0.46,2022-01-17
70,NBA,Immanuel Quickley,SG,NY,CHA@NY,23.7,14.1,28,4.7,11.5,3.7,3.1,2.7,0.4,0.1,0.8,1.7,2.1,0.92,0.41,2022-01-17
71,NBA,Kyle Kuzma,PF,WAS,PHI@WAS,23.7,13.9,31,5.3,11.6,2.1,6.4,5.4,1.0,0.4,0.4,1.5,1.9,0.72,0.46,2022-01-17
72,NBA,Josh Hart,SG,NO,NO@BOS,23.5,11.1,32,4.0,8.7,3.1,6.4,5.5,1.0,0.4,1.0,1.5,1.7,0.74,0.46,2022-01-17
73,NBA,Seth Curry,SG,PHI,PHI@WAS,23.5,14.0,32,5.2,10.7,3.7,2.5,2.3,0.3,0.2,1.0,1.5,1.4,0.87,0.49,2022-01-17
74,NBA,Montrezl Harrell,C,WAS,PHI@WAS,23.5,14.0,25,5.6,8.6,1.6,6.1,4,2.1,0.7,0.4,1.0,2.8,0.69,0.65,2022-01-17
75,NBA,Bojan Bogdanovic,SF,UTA,UTA@LAL,23.0,16.9,32,5.8,12.4,1.6,4.1,3.4,0.6,0.0,0.6,1.9,2.7,0.85,0.47,2022-01-17
76,NBA,Alec Burks,SG,NY,CHA@NY,22.9,12.3,27,4.0,9.4,2.8,4.7,4.2,0.5,0.3,1.2,1.2,2.2,0.84,0.43,2022-01-17
77,NBA,Ayo Dosunmu,SG,CHI,CHI@MEM,22.9,13.1,37,5.1,9.6,3.1,3.8,3.4,0.5,0.9,0.9,2.1,1.2,0.58,0.53,2022-01-17
78,NBA,Dennis Smith Jr.,PG,POR,POR@ORL,22.8,9.7,25,3.8,9.1,4.8,3.6,2.8,0.7,0.5,1.4,2.1,1.3,0.64,0.42,2022-01-17
79,NBA,Bam Adebayo,PF,MIA,TOR@MIA,22.7,10.9,22,4.2,7.4,3.4,5.9,4.4,1.5,0.5,0.7,2.1,2.5,0.75,0.57,2022-01-17
80,NBA,Cameron Johnson,SF,PHO,PHO@SA,22.6,14.3,31,4.9,10.4,1.5,4.8,4,0.7,0.4,0.8,0.7,1.4,0.84,0.47,2022-01-17
81,NBA,Eric Bledsoe,PG,LAC,IND@LAC,22.4,10.7,26,4.0,9.2,4.2,3.5,3,0.5,0.3,1.3,1.9,1.6,0.76,0.43,2022-01-17
82,NBA,Jalen Brunson,PG,DAL,OKC@DAL,22.4,11.5,27,4.5,9.4,4.0,3.2,2.8,0.4,0.1,0.6,1.0,1.5,0.78,0.48,2022-01-17
83,NBA,Terance Mann,SF,LAC,IND@LAC,22.3,11.6,30,4.5,9.1,2.8,5.4,4,1.4,0.2,0.6,1.0,1.6,0.74,0.49,2022-01-17
84,NBA,Cedi Osman,SF,CLE,BKN@CLE,22.2,13.0,27,4.7,10.7,2.9,3.3,2.6,0.7,0.2,1.0,1.0,1.3,0.71,0.44,2022-01-17
85,NBA,LaMarcus Aldridge,PF,BKN,BKN@CLE,22.1,13.3,27,5.4,10.1,1.4,5.6,4.3,1.3,1.2,0.5,1.2,2.0,0.84,0.54,2022-01-17
86,NBA,Jordan Clarkson,SG,UTA,UTA@LAL,22.1,15.2,26,5.6,13.0,2.1,3.4,2.7,0.7,0.2,0.7,1.6,1.5,0.83,0.43,2022-01-17
87,NBA,Tim Hardaway,SG,DAL,OKC@DAL,22.0,14.4,30,4.9,12.3,2.0,3.5,3.2,0.4,0.2,0.7,0.7,2.1,0.8,0.4,2022-01-17
88,NBA,Evan Fournier,SG,NY,CHA@NY,21.3,14.1,27,5.1,11.2,2.5,2.7,2.4,0.3,0.2,1.0,1.7,1.3,0.78,0.46,2022-01-17
89,NBA,Danilo Gallinari,SF,ATL,MIL@ATL,21.0,13.1,26,4.0,9.4,1.5,4.9,4.5,0.4,0.2,0.6,0.8,3.0,0.91,0.43,2022-01-17
90,NBA,Jakob Poeltl,C,SA,PHO@SA,21.0,8.6,24,3.9,6.4,2.3,7.2,4.2,3.1,1.3,0.6,1.2,0.8,0.44,0.61,2022-01-17
91,NBA,Josh Richardson,SG,BOS,NO@BOS,20.9,11.9,29,4.2,9.5,2.6,3.2,2.5,0.6,0.6,1.1,1.2,1.8,0.86,0.44,2022-01-17
92,NBA,Robert Covington,SF,POR,POR@ORL,20.5,9.4,31,3.3,7.7,1.3,6.9,6,0.8,1.2,1.5,1.2,0.8,0.81,0.43,2022-01-17
93,NBA,Nickeil Alexander-Walker,SG,NO,NO@BOS,20.3,12.6,26,4.7,12.5,2.7,3.0,2.5,0.5,0.3,0.8,1.7,1.0,0.69,0.38,2022-01-17
94,NBA,PJ Washington,PF,CHA,CHA@NY,20.3,10.3,27,3.8,8.7,2.1,5.5,4.3,1.2,0.9,0.9,1.4,1.2,0.7,0.44,2022-01-17
95,NBA,Luguentz Dort,SG,OKC,OKC@DAL,20.0,13.7,32,4.6,12.5,1.4,3.7,3.1,0.6,0.4,0.7,1.3,2.5,0.82,0.37,2022-01-17
96,NBA,Mikal Bridges,SF,PHO,PHO@SA,19.7,11.6,32,4.4,8.8,1.9,3.7,3,0.7,0.4,1.0,0.8,1.1,0.84,0.5,2022-01-17
97,NBA,Carmelo Anthony,SF,LAL,UTA@LAL,19.7,12.6,29,4.5,10.3,1.3,3.8,3.2,0.6,0.8,0.8,0.8,1.8,0.82,0.44,2022-01-17
98,NBA,Terrence Ross,SF,ORL,POR@ORL,19.6,12.9,27,4.6,10.7,1.8,3.3,3.1,0.2,0.3,0.7,1.2,1.9,0.87,0.43,2022-01-17
99,NBA,Dwight Howard,C,LAL,UTA@LAL,19.4,8.7,25,3.3,4.9,1.0,8.0,5.8,2.2,1.1,0.8,1.2,1.9,0.57,0.67,2022-01-17
100,NBA,Cody Martin,SF,CHA,CHA@NY,19.2,8.1,30,3.0,6.6,2.8,4.5,3.2,1.3,0.4,1.6,1.0,1.2,0.71,0.46,2022-01-17
101,NBA,Kevin Huerter,SG,ATL,MIL@ATL,18.8,10.1,29,3.8,8.6,2.6,3.5,3.1,0.3,0.3,0.8,1.1,0.7,0.78,0.44,2022-01-17
102,NBA,Chuma Okeke,PF,ORL,POR@ORL,18.8,8.6,27,3.3,8.6,1.9,5.4,4.7,0.6,0.4,1.5,0.9,0.8,0.85,0.38,2022-01-17
103,NBA,Malik Monk,SG,LAL,UTA@LAL,18.7,11.8,26,4.3,9.1,2.2,2.6,2.3,0.3,0.5,0.6,1.2,1.2,0.85,0.47,2022-01-17
104,NBA,Thomas Bryant,C,WAS,PHI@WAS,18.6,9.8,22,4.0,6.5,1.2,6.0,4.5,1.5,0.9,0.3,0.7,1.4,0.74,0.61,2022-01-17
105,NBA,Daniel Gafford,C,WAS,PHI@WAS,18.6,9.2,23,3.9,5.5,1.0,6.2,3.9,2.3,1.6,0.4,0.8,1.5,0.7,0.71,2022-01-17
106,NBA,Ivica Zubac,C,LAC,IND@LAC,18.6,8.5,22,3.4,5.3,1.1,7.5,5.1,2.4,1.0,0.4,1.0,1.7,0.76,0.64,2022-01-17
107,NBA,Nicolas Batum,SG,LAC,IND@LAC,18.6,8.3,27,3.0,6.5,2.4,4.9,4.3,0.6,0.6,1.1,1.0,0.7,0.78,0.46,2022-01-17
108,NBA,Brandon Clarke,SF,MEM,CHI@MEM,18.6,9.7,21,4.2,6.9,1.3,5.5,3.8,1.7,0.8,0.5,0.6,1.1,0.7,0.61,2022-01-17
109,NBA,Joe Ingles,SG,UTA,UTA@LAL,18.6,8.7,26,3.1,6.8,3.7,3.2,2.9,0.3,0.1,0.7,1.5,0.6,0.78,0.46,2022-01-17
110,NBA,De`Andre Hunter,SF,ATL,MIL@ATL,18.4,12.0,30,4.3,9.5,1.3,3.7,3.4,0.3,0.5,0.7,1.1,1.7,0.75,0.45,2022-01-17
111,NBA,Jae Crowder,SF,PHO,PHO@SA,18.3,9.8,28,3.3,8.0,1.5,5.0,4.5,0.4,0.4,0.8,0.7,1.1,0.77,0.41,2022-01-17
112,NBA,Mitchell Robinson,C,NY,CHA@NY,18.2,7.8,24,3.4,4.3,0.5,7.5,4.8,2.8,1.9,0.8,0.9,1.0,0.55,0.79,2022-01-17
113,NBA,Ben McLemore,SG,POR,POR@ORL,18.1,12.9,27,4.4,9.8,1.1,2.9,2.5,0.4,0.3,0.6,0.9,0.9,0.75,0.45,2022-01-17
114,NBA,Darius Bazley,PF,OKC,OKC@DAL,18.1,9.4,28,3.4,8.6,1.1,6.2,5.3,0.9,1.0,0.5,1.3,1.6,0.69,0.4,2022-01-17
115,NBA,Herbert Jones,SF,NO,NO@BOS,17.9,9.2,29,3.6,7.1,2.0,3.5,2.5,1.0,0.9,1.4,1.0,1.4,0.83,0.51,2022-01-17
116,NBA,Grayson Allen,SG,MIL,MIL@ATL,17.8,11.6,26,4.0,9.5,1.6,2.7,2.3,0.4,0.3,0.7,0.8,1.1,0.83,0.42,2022-01-17
117,NBA,Furkan Korkmaz,SG,PHI,PHI@WAS,17.7,10.2,26,3.6,9.0,2.1,3.0,2.6,0.4,0.2,0.8,0.7,1.3,0.8,0.4,2022-01-17
118,NBA,Chris Duarte,SG,IND,IND@LAC,17.7,10.7,28,4.1,10.2,1.8,3.9,3.3,0.5,0.3,1.0,1.8,1.0,0.67,0.4,2022-01-17
119,NBA,Mason Plumlee,C,CHA,CHA@NY,17.6,6.3,22,2.6,4.6,2.4,6.1,4.3,1.9,0.7,0.7,1.1,1.0,0.51,0.56,2022-01-17
120,NBA,Patty Mills,PG,BKN,BKN@CLE,17.5,11.4,27,4.0,9.2,2.2,1.8,1.6,0.2,0.2,0.6,1.0,0.8,0.87,0.43,2022-01-17
121,NBA,Dorian Finney-Smith,SF,DAL,OKC@DAL,17.5,9.0,30,3.2,7.4,1.5,4.8,3.3,1.4,0.5,0.8,0.7,0.8,0.71,0.43,2022-01-17
122,NBA,Gary Harris,SG,ORL,POR@ORL,17.4,11.1,30,4.1,9.2,1.9,2.5,2,0.5,0.3,0.9,1.1,1.4,0.84,0.45,2022-01-17
123,NBA,Isaac Okoro,SF,CLE,BKN@CLE,17.3,9.5,29,3.4,8.0,2.2,3.3,2,1.4,0.3,0.9,1.1,1.6,0.71,0.42,2022-01-17
124,NBA,Enes Kanter,C,BOS,NO@BOS,17.2,7.7,19,3.3,5.3,0.9,7.4,5,2.4,0.7,0.5,1.0,1.1,0.77,0.62,2022-01-17
125,NBA,Day'Ron Sharpe,C,BKN,BKN@CLE,17.1,10.4,23,4.7,7.9,0.4,6.5,3.8,2.7,0.9,0.3,1.7,0.9,0.59,0.59,2022-01-17
126,NBA,Duncan Robinson,SF,MIA,TOR@MIA,16.7,10.8,28,3.6,8.8,1.7,2.9,2.7,0.3,0.2,0.5,0.9,0.8,0.86,0.41,2022-01-17
127,NBA,Lonnie Walker IV,SG,SA,PHO@SA,16.7,10.4,21,3.8,9.6,2.1,2.4,2.1,0.3,0.2,0.5,0.9,1.3,0.82,0.4,2022-01-17
128,NBA,Justin Holiday,SG,IND,IND@LAC,16.4,9.5,29,3.3,9.1,1.4,3.3,3,0.3,0.8,0.9,1.0,0.7,0.83,0.36,2022-01-17
129,NBA,Omer Yurtseven,C,MIA,TOR@MIA,16.4,7.1,17,3.1,5.7,1.4,6.7,5,1.6,0.5,0.5,1.2,0.9,0.64,0.54,2022-01-17
130,NBA,Reggie Bullock,SF,DAL,OKC@DAL,16.4,9.8,30,3.4,8.5,1.5,3.4,3.1,0.4,0.2,0.5,0.5,0.7,0.82,0.4,2022-01-17
131,NBA,Kyle Anderson,PF,MEM,CHI@MEM,16.3,6.7,20,2.7,6.0,2.3,4.6,3.8,0.8,0.5,0.8,0.8,0.8,0.69,0.45,2022-01-17
132,NBA,Devin Vassell,SF,SA,PHO@SA,16.3,9.5,23,3.6,8.6,1.2,3.8,3.2,0.6,0.5,0.8,0.8,0.8,0.8,0.42,2022-01-17
133,NBA,Payton Pritchard,PG,BOS,NO@BOS,16.2,8.2,21,3.0,6.9,2.6,3.0,2.5,0.4,0.2,0.5,1.0,0.4,0.94,0.43,2022-01-17
134,NBA,P.J. Tucker,SF,MIA,TOR@MIA,16.2,6.6,31,2.4,5.4,2.1,5.3,3.9,1.4,0.3,0.8,1.0,0.6,0.7,0.44,2022-01-17
135,NBA,Pat Connaughton,SG,MIL,MIL@ATL,16.1,8.0,26,3.0,6.6,1.6,4.4,3.5,0.9,0.3,0.7,0.6,0.5,0.78,0.46,2022-01-17
136,NBA,Royce O`Neale,PF,UTA,UTA@LAL,16.0,6.4,29,2.3,4.9,2.1,4.9,4.3,0.6,0.4,1.0,0.9,0.4,0.76,0.47,2022-01-17
137,NBA,Cameron Payne,PG,PHO,PHO@SA,15.8,8.2,16,3.1,7.3,3.0,2.1,1.8,0.3,0.2,0.5,1.1,0.9,0.87,0.42,2022-01-17
138,NBA,Talen Horton-Tucker,SF,LAL,UTA@LAL,15.8,8.8,23,3.4,7.7,2.2,2.6,2.2,0.4,0.3,0.8,1.3,1.4,0.79,0.44,2022-01-17
139,NBA,Kentavious Caldwell-Pope,SG,WAS,PHI@WAS,15.6,9.7,28,3.4,8.1,1.5,2.8,2.3,0.4,0.3,0.6,0.9,1.2,0.85,0.42,2022-01-17
140,NBA,Kessler Edwards,SF,BKN,BKN@CLE,15.4,8.5,29,3.4,7.6,1.3,3.9,3.2,0.7,0.9,0.8,1.2,0.1,0.94,0.45,2022-01-17
141,NBA,Serge Ibaka,PF,LAC,IND@LAC,15.3,8.3,16,3.4,6.7,1.0,5.0,3.7,1.3,0.7,0.3,1.0,0.8,0.74,0.51,2022-01-17
142,NBA,JaVale McGee,C,PHO,PHO@SA,15.3,8.0,17,3.5,5.7,0.6,5.8,4.2,1.5,0.9,0.4,1.0,1.1,0.65,0.61,2022-01-17
143,NBA,Nassir Little,SF,POR,POR@ORL,15.2,7.6,21,2.7,5.9,1.0,5.0,3.9,1.1,0.7,0.5,0.7,1.2,0.71,0.46,2022-01-17
144,NBA,Obi Toppin,PF,NY,CHA@NY,15.1,8.5,19,3.3,6.4,1.4,3.9,3.1,0.8,0.5,0.4,1.1,1.3,0.78,0.52,2022-01-17
145,NBA,Amir Coffey,PG,LAC,IND@LAC,15.0,7.8,21,2.6,5.5,1.7,3.3,2.8,0.4,0.2,0.6,0.4,1.3,0.84,0.47,2022-01-17
146,NBA,Onyeka Okongwu,C,ATL,MIL@ATL,14.9,6.7,21,2.8,3.9,0.7,5.5,4,1.5,1.4,0.8,1.0,1.2,0.65,0.72,2022-01-17
147,NBA,Doug McDermott,SF,SA,PHO@SA,14.8,10.5,22,3.9,8.6,1.1,2.4,1.9,0.4,0.1,0.2,0.7,0.8,0.78,0.45,2022-01-17
148,NBA,De`Anthony Melton,PG,MEM,CHI@MEM,14.7,6.5,17,2.4,6.4,2.3,3.3,2.6,0.7,0.4,1.0,1.0,0.8,0.77,0.38,2022-01-17
149,NBA,George Hill,PG,MIL,MIL@ATL,14.6,7.1,23,2.6,5.6,2.5,2.4,1.8,0.7,0.1,0.7,0.8,1.0,0.87,0.46,2022-01-17
150,NBA,Malcolm Hill,SF,CHI,CHI@MEM,14.5,8.3,15,2.8,6.3,1.3,2.6,2.2,0.3,0.4,1.2,0.6,1.0,0.78,0.44,2022-01-17
151,NBA,Donte DiVincenzo,SG,MIL,MIL@ATL,14.2,6.8,20,2.4,6.3,1.8,3.8,2.8,1.0,0.2,0.8,1.1,0.8,0.79,0.38,2022-01-17
152,NBA,Gabe Vincent,PG,MIA,TOR@MIA,14.2,7.6,20,2.8,6.3,2.8,1.7,1.4,0.4,0.2,0.7,1.4,0.6,0.79,0.44,2022-01-17
153,NBA,Cameron Thomas,SG,BKN,BKN@CLE,14.0,8.9,22,3.6,8.1,1.2,3.0,2.9,0.1,0.1,0.7,1.0,0.8,0.78,0.44,2022-01-17
154,NBA,Lance Stephenson,SF,IND,IND@LAC,14.0,6.6,17,2.6,6.4,2.5,3.2,2.9,0.3,0.2,0.5,1.4,0.5,0.71,0.41,2022-01-17
155,NBA,Max Strus,SG,MIA,TOR@MIA,13.9,9.5,19,3.3,6.7,1.1,2.6,2.3,0.3,0.1,0.2,0.7,0.9,0.79,0.49,2022-01-17
156,NBA,Chris Boucher,C,TOR,TOR@MIA,13.9,7.7,18,2.7,6.0,0.4,4.6,3.1,1.5,0.9,0.6,0.7,1.6,0.77,0.45,2022-01-17
157,NBA,Derrick Favors,PF,OKC,OKC@DAL,13.8,6.3,18,2.7,4.8,0.8,5.4,3.7,1.7,0.6,0.4,0.5,0.8,0.65,0.56,2022-01-17
158,NBA,Raul Neto,PG,WAS,PHI@WAS,13.6,7.2,21,2.8,6.2,2.3,2.1,1.8,0.3,0.1,0.5,1.0,1.1,0.81,0.45,2022-01-17
159,NBA,Tyus Jones,PG,MEM,CHI@MEM,13.6,5.6,15,2.3,4.8,3.0,1.8,1.7,0.2,0.0,0.6,0.5,0.5,0.88,0.48,2022-01-17
160,NBA,Jeremiah Robinson-Earl,PF,OKC,OKC@DAL,13.6,6.6,23,2.4,6.0,0.9,5.2,3.8,1.4,0.4,0.4,0.7,0.8,0.7,0.4,2022-01-17
161,NBA,Jalen Smith,C,PHO,PHO@SA,13.6,7.2,17,2.6,5.8,0.3,5.7,3.7,2.0,0.7,0.2,0.7,1.7,0.82,0.45,2022-01-17
162,NBA,Jeremy Lamb,SG,IND,IND@LAC,13.5,7.4,17,2.6,6.8,1.2,3.1,2.6,0.4,0.7,0.6,0.8,1.3,0.89,0.38,2022-01-17
163,NBA,Dewayne Dedmon,C,MIA,TOR@MIA,13.4,6.6,17,2.6,4.6,0.9,5.1,3.8,1.3,0.6,0.5,1.1,1.0,0.78,0.56,2022-01-17
164,NBA,Taj Gibson,PF,NY,CHA@NY,13.3,5.5,20,2.3,3.9,1.0,5.1,3.4,1.6,0.8,0.7,0.8,0.8,0.74,0.59,2022-01-17
165,NBA,Precious Achiuwa,PF,TOR,TOR@MIA,13.3,6.0,21,2.5,5.9,1.0,5.2,3.6,1.5,0.6,0.6,1.0,0.8,0.56,0.42,2022-01-17
166,NBA,Rudy Gay,SF,UTA,UTA@LAL,13.3,7.6,17,2.7,6.1,1.0,3.8,3.2,0.6,0.3,0.5,0.9,1.0,0.83,0.44,2022-01-17
167,NBA,Grant Williams,PF,BOS,NO@BOS,13.2,6.4,24,2.2,4.7,1.3,3.6,2.7,0.8,0.8,0.7,0.9,0.9,0.8,0.47,2022-01-17
168,NBA,Garrett Temple,SF,NO,NO@BOS,13.1,7.0,23,2.5,6.4,1.6,2.7,2.2,0.5,0.4,0.7,0.8,0.6,0.75,0.39,2022-01-17
169,NBA,Rui Hachimura,PF,WAS,PHI@WAS,13.1,7.9,21,3.1,6.5,0.9,3.6,2.9,0.7,0.1,0.4,0.6,1.4,0.77,0.48,2022-01-17
170,NBA,Jordan Nwora,SF,MIL,MIL@ATL,13.0,7.7,18,3.0,6.8,0.9,3.4,2.7,0.7,0.3,0.5,0.8,0.4,0.71,0.44,2022-01-17
171,NBA,Gary Trent Jr.,SG,TOR,TOR@MIA,13.0,8.7,19,3.2,7.7,1.2,1.3,1.1,0.2,0.2,1.0,0.6,0.8,0.81,0.42,2022-01-17
172,NBA,Keifer Sykes,SF,IND,IND@LAC,12.9,6.9,16,2.7,6.6,2.0,2.3,2,0.3,0.3,0.5,1.1,0.5,0.83,0.41,2022-01-17
173,NBA,Caleb Martin,SG,MIA,TOR@MIA,12.7,7.5,19,3.0,5.5,1.0,2.9,2.1,0.8,0.4,0.7,0.8,0.8,0.7,0.55,2022-01-17
174,NBA,Georges Niang,SF,PHI,PHI@WAS,12.6,7.6,21,2.7,6.5,1.2,2.5,2.1,0.4,0.2,0.5,0.6,0.6,0.87,0.41,2022-01-17
175,NBA,Duane Washington Jr.,PG,IND,IND@LAC,12.5,7.5,21,2.7,8.5,1.8,2.1,1.9,0.2,0.2,0.6,1.4,1.0,0.74,0.32,2022-01-17
176,NBA,Delon Wright,PG,ATL,MIL@ATL,12.5,4.9,18,1.7,3.9,2.2,2.7,2.2,0.5,0.2,1.0,0.7,0.9,0.8,0.44,2022-01-17
177,NBA,Avery Bradley,SG,LAL,UTA@LAL,12.4,7.3,25,2.9,6.6,1.3,2.1,1.7,0.4,0.2,0.9,0.6,0.3,0.9,0.44,2022-01-17
178,NBA,Trevor Ariza,SF,LAL,UTA@LAL,12.4,5.7,20,2.0,4.6,1.5,3.2,2.8,0.4,0.2,0.7,0.5,0.7,0.79,0.43,2022-01-17
179,NBA,Blake Griffin,PF,BKN,BKN@CLE,12.0,5.9,16,2.1,5.0,1.6,3.1,2.6,0.4,0.2,0.4,0.8,1.1,0.75,0.42,2022-01-17
180,NBA,Elfrid Payton,PG,PHO,PHO@SA,12.0,5.0,15,2.1,4.7,2.6,2.1,1.7,0.4,0.1,0.6,1.0,0.5,0.63,0.45,2022-01-17
181,NBA,Wesley Matthews,SG,MIL,MIL@ATL,11.9,7.3,22,2.6,5.9,1.2,1.9,1.4,0.5,0.2,0.6,0.6,0.6,0.78,0.44,2022-01-17
182,NBA,Jalen McDaniels,SG,CHA,CHA@NY,11.7,6.3,18,2.4,5.0,1.0,3.2,2.4,0.7,0.4,0.6,0.7,0.7,0.69,0.48,2022-01-17
183,NBA,Oshae Brissett,SF,IND,IND@LAC,11.7,5.8,19,2.2,5.5,0.7,4.0,2.8,1.2,0.7,0.5,0.7,0.6,0.67,0.4,2022-01-17
184,NBA,Dean Wade,PF,CLE,BKN@CLE,11.6,5.3,18,1.9,4.6,1.3,3.2,2.3,0.9,0.2,0.6,0.3,0.4,0.77,0.41,2022-01-17
185,NBA,Bismack Biyombo,C,PHO,PHO@SA,11.6,5.2,17,2.1,3.6,0.8,4.3,3.1,1.3,0.8,0.3,0.6,0.9,0.57,0.58,2022-01-17
186,NBA,Quentin Grimes,SG,NY,CHA@NY,11.5,6.6,17,2.2,5.2,1.4,1.8,1.6,0.2,0.3,0.7,0.7,0.2,0.58,0.42,2022-01-17
187,NBA,Tony Bradley,C,CHI,CHI@MEM,11.5,4.8,13,2.1,3.6,0.7,4.4,3.4,1.0,1.0,0.4,0.6,0.6,0.74,0.58,2022-01-17
188,NBA,Maximilian Kleber,PF,DAL,OKC@DAL,11.5,5.3,19,1.8,4.3,0.8,4.0,3.2,0.8,0.6,0.3,0.4,0.5,0.8,0.42,2022-01-17
189,NBA,Jaxson Hayes,C,NO,NO@BOS,11.4,6.7,15,2.5,4.1,0.5,3.3,2.2,1.2,0.6,0.4,0.6,1.6,0.74,0.61,2022-01-17
190,NBA,Brandon Boston Jr,SG,LAC,IND@LAC,11.4,6.7,15,2.3,6.5,1.0,2.5,2.2,0.4,0.2,0.6,0.6,1.4,0.86,0.35,2022-01-17
191,NBA,R.J. Hampton,SG,ORL,POR@ORL,10.9,5.0,15,1.9,4.7,1.8,2.5,2.3,0.2,0.2,0.4,0.8,0.7,0.62,0.4,2022-01-17
192,NBA,Deni Avdija,SF,WAS,PHI@WAS,10.3,4.7,18,1.7,4.1,1.1,3.3,2.9,0.4,0.4,0.4,0.6,0.7,0.71,0.41,2022-01-17
193,NBA,Aaron Wiggins,SG,OKC,OKC@DAL,10.3,6.0,18,2.2,4.6,0.9,2.7,2.1,0.6,0.1,0.5,0.7,1.0,0.74,0.48,2022-01-17
194,NBA,Isaiah Hartenstein,PF,LAC,IND@LAC,10.2,4.5,10,1.9,3.1,1.1,3.0,2,1.0,0.7,0.4,0.6,0.7,0.66,0.61,2022-01-17
195,NBA,Troy Brown,SG,CHI,CHI@MEM,10.2,4.3,13,1.7,4.2,1.4,2.7,2.4,0.3,0.1,0.6,0.5,0.5,0.76,0.41,2022-01-17
196,NBA,Dwight Powell,PF,DAL,OKC@DAL,10.2,5.0,16,1.8,3.2,0.8,3.4,2.2,1.3,0.3,0.4,0.4,1.3,0.73,0.56,2022-01-17
197,NBA,Torrey Craig,SF,IND,IND@LAC,10.1,4.6,17,1.8,4.3,0.8,3.2,2.3,0.9,0.8,0.4,0.6,0.4,0.75,0.42,2022-01-17
198,NBA,Bruce Brown,SG,BKN,BKN@CLE,10.0,4.5,17,1.9,3.8,1.2,2.8,2.2,0.5,0.4,0.7,0.6,0.5,0.75,0.5,2022-01-17
199,NBA,Keita Bates-Diop,SF,SA,PHO@SA,10.0,5.4,15,2.1,4.0,0.6,3.2,2.5,0.7,0.3,0.4,0.5,0.7,0.7,0.53,2022-01-17
200,NBA,Ziaire Williams,SG,MEM,CHI@MEM,9.9,6.6,20,2.6,6.1,0.9,1.5,1.3,0.2,0.2,0.4,0.5,0.4,0.86,0.43,2022-01-17
201,NBA,Svi Mykhailiuk,SG,TOR,TOR@MIA,9.9,5.9,17,2.1,5.2,1.2,1.7,1.4,0.3,0.1,0.7,0.9,0.5,0.8,0.4,2022-01-17
202,NBA,Alfonzo McKinnie,SF,CHI,CHI@MEM,9.7,5.6,16,2.2,5.3,0.5,3.1,2.2,0.8,0.3,0.4,0.6,0.4,0.47,0.41,2022-01-17
203,NBA,Ty Jerome,PG,OKC,OKC@DAL,9.6,5.2,13,1.9,5.0,1.5,1.4,1.1,0.3,0.1,0.4,0.6,0.6,0.78,0.38,2022-01-17
204,NBA,Davis Bertans,SF,WAS,PHI@WAS,9.5,6.0,16,1.9,4.8,0.6,2.1,1.8,0.3,0.3,0.3,0.4,0.8,0.89,0.4,2022-01-17
205,NBA,Landry Shamet,PG,PHO,PHO@SA,9.3,5.8,17,1.9,4.7,1.1,1.2,1.2,0.1,0.1,0.4,0.4,0.6,0.85,0.4,2022-01-17
206,NBA,Gorgui Dieng,PF,ATL,MIL@ATL,9.2,4.2,11,1.5,2.9,0.7,3.2,2.6,0.5,0.4,0.4,0.5,0.7,0.8,0.52,2022-01-17
207,NBA,Jock Landale,C,SA,PHO@SA,9.2,5.0,11,1.8,3.7,1.0,2.3,1.2,1.2,0.4,0.2,0.7,0.9,0.88,0.49,2022-01-17
208,NBA,Kevin Knox,PF,ATL,MIL@ATL,9.1,5.7,14,1.9,5.0,0.6,2.3,2,0.3,0.2,0.3,0.5,0.9,0.71,0.38,2022-01-17
209,NBA,Lou Williams,SG,ATL,MIL@ATL,9.1,5.3,11,1.7,4.4,1.6,1.1,0.9,0.1,0.1,0.3,0.8,1.3,0.86,0.39,2022-01-17
210,NBA,Mike Muscala,C,OKC,OKC@DAL,9.1,5.5,12,1.8,4.4,0.5,2.3,1.9,0.4,0.4,0.3,0.3,0.7,0.88,0.41,2022-01-17
211,NBA,Eric Paschall,PF,UTA,UTA@LAL,9.0,5.7,13,2.1,4.1,0.7,2.2,1.4,0.7,0.1,0.2,0.6,1.1,0.75,0.51,2022-01-17
212,NBA,John Konchar,SG,MEM,CHI@MEM,8.8,3.4,12,1.3,2.4,0.9,3.2,2.3,0.9,0.1,0.5,0.3,0.2,0.64,0.54,2022-01-17
213,NBA,Yuta Watanabe,PF,TOR,TOR@MIA,8.7,4.5,15,1.6,4.2,0.7,2.6,2.1,0.5,0.4,0.5,0.7,0.5,0.62,0.38,2022-01-17
214,NBA,Aleksej Pokusevski,C,OKC,OKC@DAL,8.7,4.1,14,1.6,4.6,1.0,3.0,2.5,0.6,0.4,0.3,0.9,0.2,0.6,0.35,2022-01-17
215,NBA,Aaron Holiday,PG,WAS,PHI@WAS,8.5,4.7,13,1.8,4.1,1.4,1.2,1,0.2,0.1,0.3,0.6,0.6,0.82,0.44,2022-01-17
216,NBA,Moritz Wagner,PF,ORL,POR@ORL,8.5,5.0,10,1.8,3.6,0.7,2.3,1.9,0.4,0.3,0.3,0.6,0.9,0.8,0.5,2022-01-17
217,NBA,Marquese Chriss,PF,DAL,OKC@DAL,8.5,4.2,11,1.6,3.2,0.5,3.2,2.4,0.8,0.4,0.2,0.5,0.7,0.71,0.5,2022-01-17
218,NBA,Tre Mann,PG,OKC,OKC@DAL,8.5,5.2,15,2.0,5.4,0.7,2.0,1.8,0.3,0.2,0.3,0.5,0.4,0.65,0.37,2022-01-17
219,NBA,Romeo Langford,SG,BOS,NO@BOS,8.4,4.1,17,1.6,3.6,0.5,2.4,1.8,0.5,0.5,0.7,0.3,0.4,0.65,0.44,2022-01-17
220,NBA,Matt Thomas,SG,CHI,CHI@MEM,8.4,5.3,13,1.9,4.6,0.8,1.5,1.3,0.1,0.0,0.3,0.4,0.4,0.73,0.41,2022-01-17
221,NBA,Xavier Tillman,PF,MEM,CHI@MEM,8.4,3.7,11,1.6,3.4,0.8,2.8,1.8,1.0,0.3,0.6,0.5,0.5,0.62,0.47,2022-01-17
222,NBA,Drew Eubanks,C,SA,PHO@SA,8.4,3.9,11,1.4,2.6,0.7,3.2,2.3,0.9,0.5,0.2,0.8,1.1,0.74,0.54,2022-01-17
223,NBA,Wayne Ellington,SG,LAL,UTA@LAL,8.1,5.3,16,1.8,4.3,0.7,1.2,1.1,0.1,0.1,0.5,0.4,0.2,0.81,0.42,2022-01-17
224,NBA,Dylan Windler,SF,CLE,BKN@CLE,8.0,3.5,12,1.3,3.1,1.1,2.3,1.7,0.6,0.1,0.3,0.4,0.2,0.77,0.42,2022-01-17
225,NBA,Joshua Primo,SG,SA,PHO@SA,7.8,3.9,13,1.4,3.9,1.4,1.4,1.1,0.4,0.4,0.3,0.9,0.5,0.83,0.36,2022-01-17
226,NBA,Frank Ntilikina,PG,DAL,OKC@DAL,7.7,3.8,12,1.4,3.4,1.3,1.3,1.1,0.2,0.1,0.4,0.4,0.4,0.88,0.41,2022-01-17
227,NBA,Corey Kispert,SF,WAS,PHI@WAS,7.5,4.6,15,1.6,3.5,0.6,1.6,1.3,0.4,0.2,0.2,0.4,0.6,0.9,0.46,2022-01-17
228,NBA,Timothe Luwawu,SG,ATL,MIL@ATL,7.5,4.4,14,1.5,3.7,0.6,1.7,1.5,0.2,0.1,0.4,0.4,0.6,0.83,0.41,2022-01-17
229,NBA,David Duke,PG,BKN,BKN@CLE,7.4,3.8,13,1.4,3.5,0.6,2.3,1.6,0.7,0.2,0.3,0.4,0.7,0.83,0.4,2022-01-17
230,NBA,Sterling Brown,SG,DAL,OKC@DAL,7.4,3.5,13,1.3,3.2,0.6,2.6,2.2,0.4,0.1,0.3,0.4,0.3,0.8,0.41,2022-01-17
231,NBA,Austin Reaves,SG,LAL,UTA@LAL,7.4,4.5,16,1.5,2.9,0.7,1.5,1.4,0.2,0.1,0.2,0.4,0.8,0.85,0.52,2022-01-17
232,NBA,Jose Alvarado,PG,NO,NO@BOS,7.3,2.7,9,0.9,2.6,1.4,1.1,0.8,0.3,0.1,0.8,0.2,0.5,0.64,0.35,2022-01-17
233,NBA,Justise Winslow,SF,LAC,IND@LAC,7.3,3.3,8,1.4,3.0,1.0,2.0,1.6,0.4,0.2,0.3,0.5,0.3,0.57,0.47,2022-01-17
234,NBA,Ish Smith,PG,CHA,CHA@NY,7.2,3.2,9,1.3,3.1,1.5,1.0,0.9,0.1,0.1,0.3,0.4,0.3,0.69,0.42,2022-01-17
235,NBA,Robin Lopez,C,ORL,POR@ORL,7.0,3.9,10,1.7,2.9,0.7,1.9,1,0.9,0.4,0.1,0.5,0.4,0.66,0.59,2022-01-17
236,NBA,Gary Clark,PF,NO,NO@BOS,6.7,3.0,13,1.0,2.6,0.5,2.5,1.9,0.6,0.3,0.3,0.3,0.1,0.7,0.39,2022-01-17
237,NBA,Tony Snell,SG,POR,POR@ORL,6.5,3.5,13,1.2,2.7,0.7,1.6,1.3,0.2,0.1,0.2,0.3,0.2,0.94,0.44,2022-01-17
238,NBA,Bryn Forbes,SG,SA,PHO@SA,6.4,4.4,9,1.6,3.8,0.6,0.9,0.8,0.1,0.0,0.2,0.3,0.5,0.86,0.42,2022-01-17
239,NBA,DeAndre Jordan,C,LAL,UTA@LAL,6.3,2.5,7,1.1,1.4,0.4,2.6,2,0.6,0.4,0.2,0.4,0.4,0.65,0.79,2022-01-17
240,NBA,Isaiah Joe,SG,PHI,PHI@WAS,6.2,3.5,11,1.1,3.2,0.8,1.0,0.9,0.1,0.1,0.2,0.2,0.6,0.88,0.34,2022-01-17
241,NBA,Paul Reed,PF,PHI,PHI@WAS,6.2,2.3,8,1.0,2.2,0.6,2.0,1.1,0.9,0.5,0.6,0.3,0.2,0.5,0.46,2022-01-17
242,NBA,Nick Richards,C,CHA,CHA@NY,6.1,3.4,8,1.4,2.1,0.3,1.9,1.1,0.7,0.4,0.3,0.4,0.6,0.81,0.67,2022-01-17
243,NBA,Moses Brown,C,DAL,OKC@DAL,5.9,2.8,8,1.0,1.9,0.0,2.9,2,0.9,0.4,0.2,0.4,0.8,0.6,0.53,2022-01-17
244,NBA,Admiral Schofield,SF,ORL,POR@ORL,5.8,2.8,11,1.2,2.2,0.6,2.1,1.9,0.2,0.2,0.1,0.4,0.0,0.46,0.55,2022-01-17
245,NBA,Semi Ojeleye,PF,MIL,MIL@ATL,5.7,2.8,13,0.9,2.8,0.4,2.0,1.4,0.6,0.1,0.2,0.2,0.4,0.79,0.32,2022-01-17
246,NBA,Justin Champagnie,SF,TOR,TOR@MIA,5.3,2.6,10,1.0,2.1,0.3,2.1,1,1.2,0.2,0.1,0.3,0.3,0.94,0.48,2022-01-17
247,NBA,Thaddeus Young,PF,SA,PHO@SA,5.1,2.5,6,1.1,2.1,0.7,1.2,0.8,0.4,0.1,0.2,0.3,0.2,0.59,0.52,2022-01-17
248,NBA,Santi Aldama,PF,MEM,CHI@MEM,4.9,2.3,8,0.9,2.6,0.4,1.9,1.3,0.6,0.2,0.0,0.3,0.3,0.58,0.35,2022-01-17
249,NBA,Theo Pinson,SG,DAL,OKC@DAL,4.5,1.9,7,0.6,2.2,0.7,1.1,1,0.1,0.1,0.3,0.3,0.3,0.94,0.27,2022-01-17
250,NBA,Tomas Satoransky,SG,NO,NO@BOS,4.2,1.6,5,0.6,1.4,1.0,0.7,0.5,0.2,0.0,0.2,0.3,0.2,0.82,0.43,2022-01-17
0,NBA,Julius Randle,PF,NY,MIN@NY,38.0,20.6,35,7.5,16.6,4.9,10.0,8.4,1.6,0.5,0.8,3.8,3.7,0.76,0.45,2022-01-18
1,NBA,Karl-Anthony Towns,C,MIN,MIN@NY,37.7,22.3,34,8.1,15.8,3.6,9.1,6.8,2.2,1.3,0.8,3.0,3.9,0.82,0.51,2022-01-18
2,NBA,D`Angelo Russell,PG,MIN,MIN@NY,32.2,17.7,31,6.5,15.2,6.2,3.2,2.9,0.3,0.4,0.9,2.3,1.9,0.81,0.43,2022-01-18
3,NBA,Anthony Edwards,SG,MIN,MIN@NY,30.1,20.1,34,7.4,16.5,3.2,4.3,3.7,0.6,0.5,1.1,2.4,2.4,0.8,0.45,2022-01-18
4,NBA,Andrew Wiggins,SF,GS,DET@GS,30.1,19.1,33,7.1,13.8,3.2,4.7,3.8,0.9,0.8,1.0,1.9,2.3,0.7,0.51,2022-01-18
5,NBA,RJ Barrett,SF,NY,MIN@NY,29.7,18.8,33,6.8,15.7,3.3,5.7,5.0,0.7,0.3,0.7,2.5,2.8,0.69,0.43,2022-01-18
6,NBA,Stephen Curry,PG,GS,DET@GS,28.5,17.7,21,5.8,11.7,4.2,3.4,3.1,0.3,0.2,0.9,2.0,2.6,0.92,0.5,2022-01-18
7,NBA,Klay Thompson,SG,GS,DET@GS,27.6,19.2,28,7.2,14.3,2.5,3.4,3.0,0.4,0.5,1.1,1.6,1.3,0.86,0.5,2022-01-18
8,NBA,Cade Cunningham,PG,DET,DET@GS,27.5,15.3,33,5.8,14.6,4.7,5.1,4.4,0.7,0.6,1.2,4.0,1.6,0.84,0.4,2022-01-18
9,NBA,Otto Porter,SF,GS,DET@GS,26.9,12.8,28,4.8,9.2,3.0,6.7,5.6,1.1,0.6,1.5,0.9,0.8,0.75,0.52,2022-01-18
10,NBA,Jordan Poole,SG,GS,DET@GS,26.6,16.8,29,5.7,12.2,4.0,2.9,2.7,0.2,0.3,0.9,2.1,2.4,0.89,0.47,2022-01-18
11,NBA,Kevon Looney,C,GS,DET@GS,23.4,7.5,29,3.2,5.6,3.0,9.1,6.0,3.1,0.9,0.9,1.1,1.2,0.65,0.57,2022-01-18
12,NBA,Alec Burks,SG,NY,MIN@NY,22.3,12.0,27,3.9,9.1,2.6,4.6,4.1,0.5,0.3,1.2,1.0,2.3,0.84,0.43,2022-01-18
13,NBA,Saddiq Bey,SF,DET,DET@GS,22.1,13.7,33,4.6,12.6,1.8,5.2,4.3,0.9,0.2,0.7,1.4,2.1,0.84,0.36,2022-01-18
14,NBA,Immanuel Quickley,SG,NY,MIN@NY,21.3,12.5,26,4.2,10.5,3.3,2.9,2.5,0.4,0.1,0.7,1.5,1.9,0.9,0.4,2022-01-18
15,NBA,Evan Fournier,SG,NY,MIN@NY,20.4,13.4,27,4.8,10.9,2.3,2.8,2.4,0.4,0.2,0.9,1.6,1.3,0.78,0.44,2022-01-18
16,NBA,Patrick Beverley,PG,MIN,MIN@NY,20.2,7.5,26,2.6,6.5,3.9,4.1,3.2,0.8,0.8,1.0,1.0,0.9,0.73,0.4,2022-01-18
17,NBA,Cory Joseph,PG,DET,DET@GS,20.0,9.3,32,3.3,8.3,4.0,3.1,2.6,0.5,0.3,1.1,1.7,1.5,0.84,0.4,2022-01-18
18,NBA,Mitchell Robinson,C,NY,MIN@NY,18.3,7.6,24,3.3,4.1,0.5,7.6,4.6,3.0,2.0,0.8,0.8,1.0,0.54,0.81,2022-01-18
19,NBA,Isaiah Stewart,C,DET,DET@GS,18.1,8.1,27,3.4,6.7,1.0,7.7,5.3,2.4,1.4,0.4,1.5,1.1,0.67,0.51,2022-01-18
20,NBA,Jarred Vanderbilt,SF,MIN,MIN@NY,17.3,6.0,26,2.6,4.5,1.3,7.9,5.8,2.2,0.7,1.2,1.0,0.8,0.58,0.58,2022-01-18
21,NBA,Malik Beasley,SG,MIN,MIN@NY,17.2,11.9,26,4.3,10.5,1.4,2.7,2.4,0.3,0.1,0.5,0.7,0.6,0.8,0.41,2022-01-18
22,NBA,Nemanja Bjelica,PF,GS,DET@GS,17.0,7.8,18,2.8,5.8,2.4,4.5,3.7,0.8,0.4,0.7,1.1,0.8,0.73,0.48,2022-01-18
23,NBA,Hamidou Diallo,SG,DET,DET@GS,16.6,9.7,24,4.0,8.7,1.3,4.3,3.3,1.0,0.4,1.1,1.4,1.3,0.6,0.46,2022-01-18
24,NBA,Killian Hayes,PG,DET,DET@GS,14.7,5.8,26,2.2,6.6,3.2,2.7,2.3,0.4,0.4,1.2,1.9,0.8,0.83,0.33,2022-01-18
25,NBA,Obi Toppin,PF,NY,MIN@NY,13.8,7.8,17,3.0,5.8,1.2,3.7,2.9,0.8,0.4,0.4,0.9,1.2,0.75,0.52,2022-01-18
26,NBA,Jaden McDaniels,PF,MIN,MIN@NY,13.3,7.2,26,2.9,6.8,1.0,3.8,2.9,0.9,0.7,0.5,0.9,0.6,0.8,0.43,2022-01-18
27,NBA,Juan Toscano-Anderson,SF,GS,DET@GS,13.2,4.8,16,1.9,3.5,2.5,3.3,2.8,0.5,0.4,0.8,1.1,0.5,0.6,0.54,2022-01-18
28,NBA,Andre Iguodala,SF,GS,DET@GS,13.1,4.0,16,1.5,3.1,2.9,2.7,2.2,0.5,0.5,0.8,0.8,0.3,0.62,0.48,2022-01-18
29,NBA,Kemba Walker,PG,NY,MIN@NY,12.2,7.0,13,2.4,5.5,1.8,1.8,1.6,0.2,0.1,0.4,0.8,1.1,0.86,0.44,2022-01-18
30,NBA,Damion Lee,SG,GS,DET@GS,12.2,6.9,16,2.4,4.8,1.2,2.7,2.4,0.3,0.1,0.6,0.5,0.8,0.86,0.5,2022-01-18
31,NBA,Gary Payton,PG,GS,DET@GS,11.7,6.1,13,2.5,3.8,0.9,2.9,2.2,0.7,0.2,1.1,0.4,0.4,0.58,0.66,2022-01-18
32,NBA,Taj Gibson,PF,NY,MIN@NY,11.4,4.7,18,1.9,3.4,0.8,4.6,3.1,1.5,0.8,0.5,0.8,0.7,0.73,0.56,2022-01-18
33,NBA,Josh Jackson,SF,DET,DET@GS,10.9,6.7,16,2.5,6.4,1.1,2.5,2.0,0.4,0.3,0.4,1.2,1.1,0.7,0.39,2022-01-18
34,NBA,Naz Reid,PF,MIN,MIN@NY,10.5,6.2,13,2.3,5.0,0.5,2.9,2.1,0.8,0.7,0.3,0.6,0.9,0.71,0.46,2022-01-18
35,NBA,Trey Lyles,PF,DET,DET@GS,10.5,6.0,14,2.1,5.1,0.7,3.2,2.5,0.7,0.3,0.3,0.7,1.2,0.76,0.41,2022-01-18
36,NBA,Quentin Grimes,SG,NY,MIN@NY,10.1,5.7,16,2.0,4.7,1.2,1.6,1.4,0.2,0.2,0.7,0.6,0.2,0.58,0.43,2022-01-18
37,NBA,Taurean Waller-Prince,SF,MIN,MIN@NY,9.9,5.6,16,2.0,5.0,1.0,2.2,1.9,0.3,0.3,0.4,0.6,0.6,0.8,0.4,2022-01-18
38,NBA,Jaylen Nowell,SG,MIN,MIN@NY,9.9,5.6,12,2.2,4.7,1.4,1.4,1.3,0.2,0.2,0.4,0.4,0.7,0.74,0.47,2022-01-18
39,NBA,Saben Lee,SG,DET,DET@GS,8.9,3.8,12,1.3,3.5,1.7,1.6,1.3,0.3,0.3,0.6,0.8,1.0,0.75,0.37,2022-01-18
40,NBA,Frank Jackson,PG,DET,DET@GS,8.3,6.1,15,2.2,5.8,0.6,1.2,0.9,0.3,0.1,0.3,0.6,0.8,0.8,0.38,2022-01-18
41,NBA,Josh Okogie,SG,MIN,MIN@NY,6.8,3.5,14,1.2,2.9,0.6,1.8,1.3,0.5,0.3,0.5,0.5,0.8,0.73,0.41,2022-01-18
42,NBA,Luka Garza,PF,DET,DET@GS,6.8,4.1,10,1.5,3.4,0.4,2.1,0.9,1.2,0.1,0.2,0.4,0.7,0.62,0.44,2022-01-18
43,NBA,Rodney McGruder,SF,DET,DET@GS,5.7,2.9,12,1.1,2.9,0.6,1.6,1.2,0.4,0.1,0.3,0.4,0.3,0.68,0.38,2022-01-18
