nfl_week,player,position,team,pass_att,cmp,pass_pct,pass_yds,pass_yds_att,pass_tds,ints,sacks,rush_att,rush_yds,rush_yds_att,lg_rush,rush_20plus,rush_tds,rec,tgt,rec_yds,lg_rec,rec_20plus,rec_yds_per,rec_tds,sack,def_int,fr,ff,def_td,safety,spc_td,fg,fga,fg_pct,lg_fg,fg_1_19,fg_20_29,fg_30_39,fg_40_49,fg_50plus,xpt,xpa,pct_own,fpts
6,Aaron Rodgers,QB,GB,39,24,61.5,283,7.3,2,1,1,3,10,0,0,0,0,0,0,0,0,0,0,0,0,0,0,0,0,0,0,0,0,0,0,0,0,0,0,0,0,0,0,19.3
6,Joe Flacco,QB,DEN,28,18,64.3,177,6.3,0,1,1,4,-1,0,0,0,0,0,0,0,0,0,0,0,0,0,0,0,0,0,0,0,0,0,0,0,0,0,0,0,0,0,0,6
6,Matt Ryan,QB,ATL,36,30,83.3,356,9.9,4,0,2,2,7,0,0,0,0,0,0,0,0,0,0,0,0,0,0,0,0,0,0,0,0,0,0,0,0,0,0,0,0,0,0,30.9
6,Matthew Stafford,QB,DET,32,18,56.3,265,8.3,0,0,3,3,9,0,0,0,0,0,0,0,0,0,0,0,0,0,0,0,0,0,0,0,0,0,0,0,0,0,0,0,0,0,0,11.5
6,Philip Rivers,QB,LAC,44,26,59.1,320,7.3,2,2,1,1,0,0,0,0,0,0,0,0,0,0,0,0,0,0,0,0,0,0,0,0,0,0,0,0,0,0,0,0,0,0,1,16.8
6,Ryan Fitzpatrick,QB,MIA,18,12,66.7,132,7.3,1,0,0,2,5,0,0,0,0,0,0,0,0,0,0,0,0,0,0,0,0,0,0,0,0,0,0,0,0,0,0,0,0,0,0,9.8
6,Tom Brady,QB,NE,41,31,75.6,334,8.1,0,1,3,7,6,0,0,0,2,0,0,0,0,0,0,0,0,0,0,0,0,0,0,0,0,0,0,0,0,0,0,0,0,0,1,23
6,Andy Dalton,QB,CIN,39,21,53.8,235,6,0,1,2,1,2,0,0,0,1,0,0,0,0,0,0,0,0,0,0,0,0,0,0,0,0,0,0,0,0,0,0,0,0,0,0,14.6
6,Ryan Tannehill,QB,TEN,16,13,81.3,144,9,0,1,4,1,6,0,0,0,0,0,0,0,0,0,0,0,0,0,0,0,0,0,0,0,0,0,0,0,0,0,0,0,0,0,0,5.4
6,Kirk Cousins,QB,MIN,29,22,75.9,333,11.5,4,1,1,2,0,0,0,0,0,0,0,0,0,0,0,0,0,0,0,0,0,0,0,0,0,0,0,0,0,0,0,0,0,0,0,28.3
6,Russell Wilson,QB,SEA,33,23,69.7,295,8.9,2,0,3,9,31,0,0,0,1,0,0,0,0,0,0,0,0,0,0,0,0,0,0,0,0,0,0,0,0,0,0,0,0,0,0,28.9
6,Case Keenum,QB,WAS,25,13,52,166,6.6,2,0,0,4,10,0,0,0,0,0,0,0,0,0,0,0,0,0,0,0,0,0,0,0,0,0,0,0,0,0,0,0,0,0,0,15.6
6,Teddy Bridgewater,QB,NO,36,24,66.7,240,6.7,1,0,3,3,0,0,0,0,0,0,0,0,0,0,0,0,0,0,0,0,0,0,0,0,0,0,0,0,0,0,0,0,0,0,0,13.6
6,Jimmy Garoppolo,QB,SF,33,24,72.7,243,7.4,0,1,2,5,4,0,0,0,1,0,0,0,0,0,0,0,0,0,0,0,0,0,0,0,0,0,0,0,0,0,0,0,0,0,1,13.1
6,Marcus Mariota,QB,TEN,18,7,38.9,63,3.5,0,2,3,2,4,0,0,0,0,0,0,0,0,0,0,0,0,0,0,0,0,0,0,0,0,0,0,0,0,0,0,0,0,0,0,0.9
6,Jameis Winston,QB,TB,54,30,55.6,400,7.4,1,5,7,1,1,0,0,0,0,0,0,0,0,0,0,0,0,0,0,0,0,0,0,0,0,0,0,0,0,0,0,0,0,0,1,17.1
6,Jared Goff,QB,LAR,24,13,54.2,78,3.3,0,0,4,1,0,0,0,0,0,0,0,0,0,0,0,0,0,0,0,0,0,0,0,0,0,0,0,0,0,0,0,0,0,0,1,1.1
6,Carson Wentz,QB,PHI,40,26,65,306,7.7,2,1,2,2,23,0,0,0,0,0,0,0,0,0,0,0,0,0,0,0,0,0,0,0,0,0,0,0,0,0,0,0,0,0,0,21.5
6,Dak Prescott,QB,DAL,40,28,70,277,6.9,0,0,1,3,11,0,0,0,1,0,0,0,0,0,0,0,0,0,0,0,0,0,0,0,0,0,0,0,0,0,0,0,0,0,0,18.2
6,Deshaun Watson,QB,HOU,42,30,71.4,280,6.7,1,2,0,10,42,0,0,0,2,0,0,0,0,0,0,0,0,0,0,0,0,0,0,0,0,0,0,0,0,0,0,0,0,0,0,31.4
6,Patrick Mahomes,QB,KC,35,19,54.3,273,7.8,3,1,1,1,-1,0,0,0,0,0,0,0,0,0,0,0,0,0,0,0,0,0,0,0,0,0,0,0,0,0,0,0,0,0,1,19.8
6,Taysom Hill,QB,NO,0,0,0,0,0,0,0,0,3,17,0,0,0,0,0,0,0,0,0,0,0,0,0,0,0,0,0,0,0,0,0,0,0,0,0,0,0,0,0,0,1.7
6,Lamar Jackson,QB,BAL,33,21,63.6,236,7.2,0,0,1,19,152,0,0,0,1,0,0,0,0,0,0,0,0,0,0,0,0,0,0,0,0,0,0,0,0,0,0,0,0,0,0,30.6
6,Josh Rosen,QB,MIA,25,15,60,85,3.4,0,2,5,0,0,0,0,0,0,0,0,0,0,0,0,0,0,0,0,0,0,0,0,0,0,0,0,0,0,0,0,0,0,0,0,1.4
6,Sam Darnold,QB,NYJ,32,23,71.9,338,10.6,2,1,2,5,1,0,0,0,0,0,0,0,0,0,0,0,0,0,0,0,0,0,0,0,0,0,0,0,0,0,0,0,0,0,0,20.6
6,Baker Mayfield,QB,CLE,37,22,59.5,249,6.7,1,3,0,4,35,0,0,0,1,0,0,0,0,0,0,0,0,0,0,0,0,0,0,0,0,0,0,0,0,0,0,0,0,0,0,22.5
6,Kyle Allen,QB,CAR,32,20,62.5,227,7.1,2,0,2,3,3,0,0,0,0,0,0,0,0,0,0,0,0,0,0,0,0,0,0,0,0,0,0,0,0,0,0,0,0,0,0,17.4
6,Daniel Jones,QB,NYG,31,15,48.4,161,5.2,1,3,1,2,8,0,0,0,0,0,0,0,0,0,0,0,0,0,0,0,0,0,0,0,0,0,0,0,0,0,0,0,0,0,0,8.2
6,Gardner Minshew,QB,JAC,29,14,48.3,163,5.6,0,1,2,2,1,0,0,0,0,0,0,0,0,0,0,0,0,0,0,0,0,0,0,0,0,0,0,0,0,0,0,0,0,0,0,5.6
6,Kyler Murray,QB,ARI,37,27,73,340,9.2,3,0,0,11,32,0,0,0,0,0,0,0,0,0,0,0,0,0,0,0,0,0,0,0,0,0,0,0,0,0,0,0,0,0,0,28.8
6,Devlin Hodges,QB,PIT,20,15,75,132,6.6,1,1,0,3,8,0,0,0,0,0,0,0,0,0,0,0,0,0,0,0,0,0,0,0,0,0,0,0,0,0,0,0,0,0,0,9.1
6,Adrian Peterson,RB,WAS,0,0,0,0,0,0,0,0,23,118,5.1,25,1,0,2,2,18,0,0,9,0,0,0,0,0,0,0,0,0,0,0,0,0,0,0,0,0,0,0,0.587,14.6
6,LeSean McCoy,RB,KC,0,0,0,0,0,0,0,0,8,44,5.5,17,0,0,2,2,0,0,0,0,0,0,0,0,0,0,0,0,0,0,0,0,0,0,0,0,0,0,0,0.851,5.4
6,Mark Ingram,RB,BAL,0,0,0,0,0,0,0,0,13,52,4,12,0,1,2,3,22,0,0,11,0,0,0,0,0,0,0,0,0,0,0,0,0,0,0,0,0,0,0,0.983,14.4
6,Bilal Powell,RB,NYJ,0,0,0,0,0,0,0,0,1,5,5,5,0,0,0,1,0,0,0,0,0,0,0,0,0,0,0,0,0,0,0,0,0,0,0,0,0,0,0,0.001,0.5
6,Dion Lewis,RB,TEN,0,0,0,0,0,0,0,0,1,-1,-1,0,0,0,3,3,20,0,0,6.7,0,0,0,0,0,0,0,0,0,0,0,0,0,0,0,0,0,0,0,0.179,3.4
6,Nick Bellore,RB,SEA,0,0,0,0,0,0,0,0,0,0,0,0,0,0,1,1,20,0,0,20,0,0,0,0,0,0,0,0,0,0,0,0,0,0,0,0,0,0,0,0,0
6,Brandon Bolden,RB,NE,0,0,0,0,0,0,0,0,3,23,7.7,21,1,1,2,2,22,0,0,11,0,0,0,0,0,0,0,0,0,0,0,0,0,0,0,0,0,0,0,0.008,11.5
6,Tavon Austin,RB,DAL,0,0,0,0,0,0,0,0,0,0,0,0,0,0,5,6,64,0,0,12.8,0,0,0,0,0,0,0,0,0,0,0,0,0,0,0,0,0,0,0,0.001,0
6,Giovani Bernard,RB,CIN,0,0,0,0,0,0,0,0,4,4,1,2,0,0,2,3,20,0,0,10,0,0,0,0,0,0,0,0,0,0,0,0,0,0,0,0,0,0,0,0.144,3.4
6,Le'Veon Bell,RB,NYJ,0,0,0,0,0,0,0,0,14,50,3.6,13,0,1,1,1,3,0,0,3,0,0,0,0,0,0,0,0,0,0,0,0,0,0,0,0,0,0,0,0.999,11.8
6,Chris Thompson,RB,WAS,0,0,0,0,0,0,0,0,3,12,4,8,0,0,2,3,8,0,0,4,0,0,0,0,0,0,0,0,0,0,0,0,0,0,0,0,0,0,0,0.66,3
6,Latavius Murray,RB,NO,0,0,0,0,0,0,0,0,8,44,5.5,15,0,0,3,3,35,0,0,11.7,0,0,0,0,0,0,0,0,0,0,0,0,0,0,0,0,0,0,0,0.473,9.4
6,Carlos Hyde,RB,HOU,0,0,0,0,0,0,0,0,26,116,4.5,26,1,1,1,1,14,0,0,14,0,0,0,0,0,0,0,0,0,0,0,0,0,0,0,0,0,0,0,0.707,17.5
6,Devonta Freeman,RB,ATL,0,0,0,0,0,0,0,0,19,88,4.6,15,0,0,3,3,30,0,0,10,2,0,0,0,0,0,0,0,0,0,0,0,0,0,0,0,0,0,0,0.979,25.3
6,James White,RB,NE,0,0,0,0,0,0,0,0,2,-1,-0.5,1,0,0,9,9,46,0,0,5.1,0,0,0,0,0,0,0,0,0,0,0,0,0,0,0,0,0,0,0,0.918,9
6,Damien Williams,RB,KC,0,0,0,0,0,0,0,0,1,6,6,6,0,0,1,1,14,0,0,14,1,0,0,0,0,0,0,0,0,0,0,0,0,0,0,0,0,0,0,0.943,8.5
6,Keith Smith,RB,ATL,0,0,0,0,0,0,0,0,1,2,2,2,0,0,0,0,0,0,0,0,0,0,0,0,0,0,0,0,0,0,0,0,0,0,0,0,0,0,0,0,0.2
6,Melvin Gordon,RB,LAC,0,0,0,0,0,0,0,0,8,18,2.3,7,0,0,3,4,30,0,0,10,0,0,0,0,0,0,0,0,0,0,0,0,0,0,0,0,0,0,0,0.975,6.3
6,Tevin Coleman,RB,SF,0,0,0,0,0,0,0,0,18,45,2.5,9,0,1,2,3,16,0,0,8,0,0,0,0,0,0,0,0,0,0,0,0,0,0,0,0,0,0,0,0.839,13.1
6,Duke Johnson,RB,HOU,0,0,0,0,0,0,0,0,5,34,6.8,15,0,0,2,4,20,0,0,10,1,0,0,0,0,0,0,0,0,0,0,0,0,0,0,0,0,0,0,0.624,12.4
6,David Johnson,RB,ARI,0,0,0,0,0,0,0,0,12,34,2.8,17,0,1,6,8,68,0,0,11.3,1,0,0,0,0,0,0,0,0,0,0,0,0,0,0,0,0,0,0,1,25.2
6,Malcolm Brown,RB,LAR,0,0,0,0,0,0,0,0,11,40,3.6,10,0,0,0,0,0,0,0,0,0,0,0,0,0,0,0,0,0,0,0,0,0,0,0,0,0,0,0,0.601,4
6,Ty Montgomery,RB,NYJ,0,0,0,0,0,0,0,0,0,0,0,0,0,0,3,3,17,0,0,5.7,0,0,0,0,0,0,0,0,0,0,0,0,0,0,0,0,0,0,0,0.044,3.2
6,Raheem Mostert,RB,SF,0,0,0,0,0,0,0,0,4,13,3.3,8,0,0,0,0,0,0,0,0,0,0,0,0,0,0,0,0,0,0,0,0,0,0,0,0,0,0,0,0.158,1.3
6,Ezekiel Elliott,RB,DAL,0,0,0,0,0,0,0,0,28,105,3.8,13,0,1,5,6,47,0,0,9.4,0,0,0,0,0,0,0,0,0,0,0,0,0,0,0,0,0,0,0,1,23.7
6,Derrick Henry,RB,TEN,0,0,0,0,0,0,0,0,15,28,1.9,6,0,0,1,3,5,0,0,5,0,0,0,0,0,0,0,0,0,0,0,0,0,0,0,0,0,0,0,0.99,3.8
6,Jordan Howard,RB,PHI,0,0,0,0,0,0,0,0,13,49,3.8,12,0,0,0,0,0,0,0,0,0,0,0,0,0,0,0,0,0,0,0,0,0,0,0,0,0,0,0,0.853,4.9
6,C.J. Prosise,RB,SEA,0,0,0,0,0,0,0,0,3,8,2.7,5,0,0,1,3,15,0,0,15,0,0,0,0,0,0,0,0,0,0,0,0,0,0,0,0,0,0,0,0.009,0.8
6,Kenyan Drake,RB,MIA,0,0,0,0,0,0,0,0,10,40,4,9,0,0,6,9,30,0,0,5,0,0,0,0,0,0,0,0,0,0,0,0,0,0,0,0,0,0,0,0.723,10
6,Wendell Smallwood,RB,WAS,0,0,0,0,0,0,0,0,1,4,4,4,0,0,0,0,0,0,0,0,0,0,0,0,0,0,0,0,0,0,0,0,0,0,0,0,0,0,0,0.001,0.4
6,Andy Janovich,RB,DEN,0,0,0,0,0,0,0,0,0,0,0,0,0,0,1,1,8,0,0,8,0,0,0,0,0,0,0,0,0,0,0,0,0,0,0,0,0,0,0,0,1.3
6,Peyton Barber,RB,TB,0,0,0,0,0,0,0,0,8,28,3.5,5,0,0,0,0,0,0,0,0,0,0,0,0,0,0,0,0,0,0,0,0,0,0,0,0,0,0,0,0.583,2.8
6,J.D. McKissic,RB,DET,0,0,0,0,0,0,0,0,3,4,1.3,2,0,0,2,3,7,0,0,3.5,0,0,0,0,0,0,0,0,0,0,0,0,0,0,0,0,0,0,0,0.002,2.1
6,Elijhaa Penny,RB,NYG,0,0,0,0,0,0,0,0,3,6,2,3,0,0,1,2,0,0,0,0,0,0,0,0,0,0,0,0,0,0,0,0,0,0,0,0,0,0,0,0.015,1.1
6,Dalvin Cook,RB,MIN,0,0,0,0,0,0,0,0,16,41,2.6,14,0,1,2,2,13,0,0,6.5,0,0,0,0,0,0,0,0,0,0,0,0,0,0,0,0,0,0,0,1,12.4
6,Leonard Fournette,RB,JAC,0,0,0,0,0,0,0,0,20,72,3.6,16,0,0,6,6,46,0,0,7.7,0,0,0,0,0,0,0,0,0,0,0,0,0,0,0,0,0,0,0,0.993,14.8
6,Christian McCaffrey,RB,CAR,0,0,0,0,0,0,0,0,22,31,1.4,10,0,1,4,5,26,0,0,6.5,1,0,0,0,0,0,0,0,0,0,0,0,0,0,0,0,0,0,0,1,19.7
6,Joe Mixon,RB,CIN,0,0,0,0,0,0,0,0,8,10,1.3,3,0,0,2,3,29,0,0,14.5,0,0,0,0,0,0,0,0,0,0,0,0,0,0,0,0,0,0,0,0.987,4.9
6,Alvin Kamara,RB,NO,0,0,0,0,0,0,0,0,11,31,2.8,7,0,0,7,8,35,0,0,5,0,0,0,0,0,0,0,0,0,0,0,0,0,0,0,0,0,0,0,1,10.1
6,Jamaal Williams,RB,GB,0,0,0,0,0,0,0,0,14,104,7.4,45,1,0,4,5,32,0,0,8,1,0,0,0,0,0,0,0,0,0,0,0,0,0,0,0,0,0,0,0.229,21.6
6,James Conner,RB,PIT,0,0,0,0,0,0,0,0,16,41,2.6,12,0,1,7,7,78,0,0,11.1,1,0,0,0,0,0,0,0,0,0,0,0,0,0,0,0,0,0,0,0.993,27.4
6,Austin Ekeler,RB,LAC,0,0,0,0,0,0,0,0,5,14,2.8,11,0,0,3,4,14,0,0,4.7,0,0,0,0,0,0,0,0,0,0,0,0,0,0,0,0,0,0,0,0.98,4.3
6,Aaron Jones,RB,GB,0,0,0,0,0,0,0,0,11,47,4.3,9,0,0,4,7,13,0,0,3.3,0,0,0,0,0,0,0,0,0,0,0,0,0,0,0,0,0,0,0,0.995,6
6,Alex Armah,RB,CAR,0,0,0,0,0,0,0,0,2,4,2,3,0,0,0,0,0,0,0,0,0,0,0,0,0,0,0,0,0,0,0,0,0,0,0,0,0,0,0,0,0.4
6,Chris Carson,RB,SEA,0,0,0,0,0,0,0,0,24,124,5.2,25,2,1,4,4,35,0,0,8.8,0,0,0,0,0,0,0,0,0,0,0,0,0,0,0,0,0,0,0,0.981,23.9
6,Dare Ogunbowale,RB,TB,0,0,0,0,0,0,0,0,1,3,3,3,0,1,3,5,22,0,0,7.3,0,0,0,0,0,0,0,0,0,0,0,0,0,0,0,0,0,0,0,0.014,10
6,Matt Breida,RB,SF,0,0,0,0,0,0,0,0,13,36,2.8,9,0,0,4,4,27,0,0,6.8,0,0,0,0,0,0,0,0,0,0,0,0,0,0,0,0,0,0,0,0.88,8.3
6,Patrick Ricard,RB,BAL,0,0,0,0,0,0,0,0,0,0,0,0,0,0,1,1,6,0,0,6,0,0,0,0,0,0,0,0,0,0,0,0,0,0,0,0,0,0,0,0.003,0
6,Ronald Jones II,RB,TB,0,0,0,0,0,0,0,0,4,10,2.5,5,0,1,0,0,0,0,0,0,0,0,0,0,0,0,0,0,0,0,0,0,0,0,0,0,0,0,0,0.58,7
6,Royce Freeman,RB,DEN,0,0,0,0,0,0,0,0,11,34,3.1,8,0,0,5,5,42,0,0,8.4,0,0,0,0,0,0,0,0,0,0,0,0,0,0,0,0,0,0,0,0.729,10.1
6,Nick Chubb,RB,CLE,0,0,0,0,0,0,0,0,20,122,6.1,52,2,2,5,6,17,0,0,3.4,0,0,0,0,0,0,0,0,0,0,0,0,0,0,0,0,0,0,0,0.999,26.4
6,Kerryon Johnson,RB,DET,0,0,0,0,0,0,0,0,13,34,2.6,8,0,1,2,4,27,0,0,13.5,0,0,0,0,0,0,0,0,0,0,0,0,0,0,0,0,0,0,0,0.982,13.1
6,Ito Smith,RB,ATL,0,0,0,0,0,0,0,0,3,6,2,3,0,0,0,0,0,0,0,0,0,0,0,0,0,0,0,0,0,0,0,0,0,0,0,0,0,0,0,0.171,0.6
6,Kalen Ballage,RB,MIA,0,0,0,0,0,0,0,0,3,7,2.3,6,0,1,0,0,0,0,0,0,0,0,0,0,0,0,0,0,0,0,0,0,0,0,0,0,0,0,0,0.095,6.7
6,Mark Walton,RB,MIA,0,0,0,0,0,0,0,0,6,32,5.3,14,0,0,5,6,43,0,0,8.6,0,0,0,0,0,0,0,0,0,0,0,0,0,0,0,0,0,0,0,0.035,10
6,Sony Michel,RB,NE,0,0,0,0,0,0,0,0,22,86,3.9,26,1,0,2,3,27,0,0,13.5,0,0,0,0,0,0,0,0,0,0,0,0,0,0,0,0,0,0,0,0.953,12.3
6,Chase Edmonds,RB,ARI,0,0,0,0,0,0,0,0,5,34,6.8,15,0,0,2,2,33,0,0,16.5,1,0,0,0,0,0,0,0,0,0,0,0,0,0,0,0,0,0,0,0.283,13.7
6,Phillip Lindsay,RB,DEN,0,0,0,0,0,0,0,0,15,70,4.7,30,1,1,2,3,5,0,0,2.5,0,0,0,0,0,0,0,0,0,0,0,0,0,0,0,0,0,0,0,0.959,14.5
6,Darrel Williams,RB,KC,0,0,0,0,0,0,0,0,0,0,0,0,0,0,1,2,52,0,0,52,0,0,0,0,0,0,0,0,0,0,0,0,0,0,0,0,0,0,0,0.159,5.7
6,Nick Bawden,RB,DET,0,0,0,0,0,0,0,0,0,0,0,0,0,0,0,1,0,0,0,0,0,0,0,0,0,0,0,0,0,0,0,0,0,0,0,0,0,0,0,0,0
6,Boston Scott,RB,PHI,0,0,0,0,0,0,0,0,4,30,7.5,15,0,0,0,0,0,0,0,0,0,0,0,0,0,0,0,0,0,0,0,0,0,0,0,0,0,0,0,0,3
6,Gus Edwards,RB,BAL,0,0,0,0,0,0,0,0,6,34,5.7,25,1,0,0,0,0,0,0,0,0,0,0,0,0,0,0,0,0,0,0,0,0,0,0,0,0,0,0,0.049,3.4
6,Dontrell Hilliard,RB,CLE,0,0,0,0,0,0,0,0,0,0,0,0,0,0,2,3,17,0,0,8.5,0,0,0,0,0,0,0,0,0,0,0,0,0,0,0,0,0,0,0,0.013,2.7
6,Dalyn Dawkins,RB,TEN,0,0,0,0,0,0,0,0,2,2,1,1,0,0,0,0,0,0,0,0,0,0,0,0,0,0,0,0,0,0,0,0,0,0,0,0,0,0,0,0,0.2
6,Justice Hill,RB,BAL,0,0,0,0,0,0,0,0,5,31,6.2,12,0,0,0,0,0,0,0,0,0,0,0,0,0,0,0,0,0,0,0,0,0,0,0,0,0,0,0,0.063,3.1
6,Miles Sanders,RB,PHI,0,0,0,0,0,0,0,0,3,6,2,3,0,0,3,3,86,0,0,28.7,1,0,0,0,0,0,0,0,0,0,0,0,0,0,0,0,0,0,0,0.783,16.7
6,Ryquell Armstead,RB,JAC,0,0,0,0,0,0,0,0,1,1,1,1,0,0,0,0,0,0,0,0,0,0,0,0,0,0,0,0,0,0,0,0,0,0,0,0,0,0,0,0.016,0.1
6,Darrell Henderson,RB,LAR,0,0,0,0,0,0,0,0,6,39,6.5,22,1,0,1,2,9,0,0,9,0,0,0,0,0,0,0,0,0,0,0,0,0,0,0,0,0,0,0,0.251,5.3
6,Benny Snell Jr.,RB,PIT,0,0,0,0,0,0,0,0,17,75,4.4,20,1,0,1,1,14,0,0,14,0,0,0,0,0,0,0,0,0,0,0,0,0,0,0,0,0,0,0,0.021,9.4
6,Alexander Mattison,RB,MIN,0,0,0,0,0,0,0,0,14,63,4.5,35,1,0,0,0,0,0,0,0,0,0,0,0,0,0,0,0,0,0,0,0,0,0,0,0,0,0,0,0.191,4.3
6,Tony Pollard,RB,DAL,0,0,0,0,0,0,0,0,3,13,4.3,10,0,0,0,0,0,0,0,0,0,0,0,0,0,0,0,0,0,0,0,0,0,0,0,0,0,0,0,0.179,1.3
6,Jonathan Hilliman,RB,NYG,0,0,0,0,0,0,0,0,11,38,3.5,10,0,0,2,2,-3,0,0,-1.5,0,0,0,0,0,0,0,0,0,0,0,0,0,0,0,0,0,0,0,0.23,2.5
6,Danny Amendola,WR,DET,0,0,0,0,0,0,0,0,0,0,0,0,0,0,1,1,6,6,0,6,0,0,0,0,0,0,0,0,0,0,0,0,0,0,0,0,0,0,0,0.071,1.1
6,Julian Edelman,WR,NE,0,0,0,0,0,0,0,0,0,0,0,0,0,0,9,15,113,36,2,12.6,0,0,0,0,0,0,0,0,0,0,0,0,0,0,0,0,0,0,0,0.99,15.8
6,Larry Fitzgerald,WR,ARI,0,0,0,0,0,0,0,0,0,0,0,0,0,0,6,8,69,22,1,11.5,0,0,0,0,0,0,0,0,0,0,0,0,0,0,0,0,0,0,0,0.927,9.9
6,Ted Ginn,WR,NO,0,0,0,0,0,0,0,0,1,12,0,0,0,0,2,6,36,27,1,18,0,0,0,0,0,0,0,0,0,0,0,0,0,0,0,0,0,0,0,0.087,5.8
6,Golden Tate,WR,NYG,0,0,0,0,0,0,0,0,0,0,0,0,0,0,6,9,102,64,1,17,1,0,0,0,0,0,0,0,0,0,0,0,0,0,0,0,0,0,0,0.621,19.2
6,Demaryius Thomas,WR,NYJ,0,0,0,0,0,0,0,0,0,0,0,0,0,0,4,5,62,33,1,15.5,0,0,0,0,0,0,0,0,0,0,0,0,0,0,0,0,0,0,0,0.043,8.2
6,Emmanuel Sanders,WR,DEN,0,0,0,0,0,0,0,0,0,0,0,0,0,0,1,3,0,0,0,0,0,0,0,0,0,0,0,0,0,0,0,0,0,0,0,0,0,0,0,0.837,0.5
6,Julio Jones,WR,ATL,0,0,0,0,0,0,0,0,0,0,0,0,0,0,8,9,108,22,2,13.5,0,0,0,0,0,0,0,0,0,0,0,0,0,0,0,0,0,0,0,1,14.8
6,Alshon Jeffery,WR,PHI,0,0,0,0,0,0,0,0,0,0,0,0,0,0,10,12,76,26,2,7.6,1,0,0,0,0,0,0,0,0,0,0,0,0,0,0,0,0,0,0,0.925,18.6
6,Mohamed Sanu,WR,ATL,0,0,0,0,0,0,0,0,0,0,0,0,0,0,3,4,29,15,0,9.7,0,0,0,0,0,0,0,0,0,0,0,0,0,0,0,0,0,0,0,0.555,4.4
6,Jarius Wright,WR,CAR,0,0,0,0,0,0,0,0,0,0,0,0,0,0,1,3,6,6,0,6,0,0,0,0,0,0,0,0,0,0,0,0,0,0,0,0,0,0,0,0.001,1.1
6,Travis Benjamin,WR,LAC,0,0,0,0,0,0,0,0,0,0,0,0,0,0,1,4,0,0,0,0,0,0,0,0,0,0,0,0,0,0,0,0,0,0,0,0,0,0,0,0.002,0.5
6,Marvin Jones,WR,DET,0,0,0,0,0,0,0,0,0,0,0,0,0,0,2,5,17,11,0,8.5,0,0,0,0,0,0,0,0,0,0,0,0,0,0,0,0,0,0,0,0.79,2.7
6,Josh Gordon,WR,NE,0,0,0,0,0,0,0,0,0,0,0,0,0,0,1,1,7,7,0,7,0,0,0,0,0,0,0,0,0,0,0,0,0,0,0,0,0,0,0,0.909,1.2
6,Marquise Goodwin,WR,SF,0,0,0,0,0,0,0,0,0,0,0,0,0,0,2,3,15,11,0,7.5,0,0,0,0,0,0,0,0,0,0,0,0,0,0,0,0,0,0,0,0.119,2.5
6,DeAndre Hopkins,WR,HOU,0,0,0,0,0,0,0,0,0,0,0,0,0,0,9,12,55,18,0,6.1,0,0,0,0,0,0,0,0,0,0,0,0,0,0,0,0,0,0,0,1,12
6,Robert Woods,WR,LAR,0,0,0,0,0,0,0,0,2,16,0,0,0,1,0,4,0,0,0,0,0,0,0,0,0,0,0,0,0,0,0,0,0,0,0,0,0,0,0,0.967,7.6
6,Keenan Allen,WR,LAC,0,0,0,0,0,0,0,0,0,0,0,0,0,0,2,6,33,19,0,16.5,0,0,0,0,0,0,0,0,0,0,0,0,0,0,0,0,0,0,0,0.999,4.3
6,Tavon Austin,WR,DAL,0,0,0,0,0,0,0,0,0,0,0,0,0,0,5,6,64,23,1,12.8,0,0,0,0,0,0,0,0,0,0,0,0,0,0,0,0,0,0,0,0.001,8.9
6,Jaron Brown,WR,SEA,0,0,0,0,0,0,0,0,0,0,0,0,0,0,3,5,29,17,0,9.7,2,0,0,0,0,0,0,0,0,0,0,0,0,0,0,0,0,0,0,0.001,16.4
6,De'Anthony Thomas,WR,KC,0,0,0,0,0,0,0,0,1,4,0,0,0,0,0,1,0,0,0,0,0,0,0,0,0,0,0,0,0,0,0,0,0,0,0,0,0,0,0,0.001,0.4
6,Mike Evans,WR,TB,0,0,0,0,0,0,0,0,0,0,0,0,0,0,9,17,96,17,0,10.7,0,0,0,0,0,0,0,0,0,0,0,0,0,0,0,0,0,0,0,0.997,16.1
6,Marqise Lee,WR,JAC,0,0,0,0,0,0,0,0,1,1,0,0,0,0,0,0,0,0,0,0,0,0,0,0,0,0,0,0,0,0,0,0,0,0,0,0,0,0,0,0.01,0.1
6,Brandin Cooks,WR,LAR,0,0,0,0,0,0,0,0,2,14,0,0,0,0,3,3,18,8,0,6,0,0,0,0,0,0,0,0,0,0,0,0,0,0,0,0,0,0,0,0.969,4.7
6,Donte Moncrief,WR,PIT,0,0,0,0,0,0,0,0,0,0,0,0,0,0,1,2,11,11,0,11,0,0,0,0,0,0,0,0,0,0,0,0,0,0,0,0,0,0,0,0.149,1.6
6,Odell Beckham Jr.,WR,CLE,0,0,0,0,0,0,0,0,0,0,0,0,0,0,6,11,101,41,1,16.8,0,0,0,0,0,0,0,0,0,0,0,0,0,0,0,0,0,0,0,0.999,13.1
6,Jarvis Landry,WR,CLE,0,0,0,0,0,0,0,0,0,0,0,0,0,0,3,5,36,27,1,12,0,0,0,0,0,0,0,0,0,0,0,0,0,0,0,0,0,0,0,0.911,5.1
6,Paul Richardson,WR,WAS,0,0,0,0,0,0,0,0,1,0,0,0,0,0,0,4,0,0,0,0,0,0,0,0,0,0,0,0,0,0,0,0,0,0,0,0,0,0,0,0.135,0
6,Cody Latimer,WR,NYG,0,0,0,0,0,0,0,0,0,0,0,0,0,0,0,1,0,0,0,0,0,0,0,0,0,0,0,0,0,0,0,0,0,0,0,0,0,0,0,0.003,0
6,Albert Wilson,WR,MIA,0,0,0,0,0,0,0,0,0,0,0,0,0,0,5,6,15,8,0,3,0,0,0,0,0,0,0,0,0,0,0,0,0,0,0,0,0,0,0,0.055,4
6,Willie Snead,WR,BAL,0,0,0,0,0,0,0,0,0,0,0,0,0,0,3,5,18,10,0,6,0,0,0,0,0,0,0,0,0,0,0,0,0,0,0,0,0,0,0,0.05,3.3
6,Allen Hurns,WR,MIA,0,0,0,0,0,0,0,0,0,0,0,0,0,0,2,2,16,11,0,8,0,0,0,0,0,0,0,0,0,0,0,0,0,0,0,0,0,0,0,0.001,2.6
6,Adam Thielen,WR,MIN,0,0,0,0,0,0,0,0,1,0,0,0,0,0,6,8,57,20,1,9.5,1,0,0,0,0,0,0,0,0,0,0,0,0,0,0,0,0,0,0,0.997,14.7
6,Seth Roberts,WR,BAL,0,0,0,0,0,0,0,0,0,0,0,0,0,0,2,2,23,16,0,11.5,0,0,0,0,0,0,0,0,0,0,0,0,0,0,0,0,0,0,0,0,3.3
6,Amari Cooper,WR,DAL,0,0,0,0,0,0,0,0,0,0,0,0,0,0,1,2,3,3,0,3,0,0,0,0,0,0,0,0,0,0,0,0,0,0,0,0,0,0,0,0.999,0.8
6,Devante Parker,WR,MIA,0,0,0,0,0,0,0,0,0,0,0,0,0,0,3,4,28,12,0,9.3,1,0,0,0,0,0,0,0,0,0,0,0,0,0,0,0,0,0,0,0.108,10.3
6,Nelson Agholor,WR,PHI,0,0,0,0,0,0,0,0,0,0,0,0,0,0,4,7,42,23,1,10.5,0,0,0,0,0,0,0,0,0,0,0,0,0,0,0,0,0,0,0,0.279,6.2
6,Tyler Lockett,WR,SEA,0,0,0,0,0,0,0,0,1,3,0,0,0,0,5,5,75,22,2,15,0,0,0,0,0,0,0,0,0,0,0,0,0,0,0,0,0,0,0,0.979,10.3
6,Jamison Crowder,WR,NYJ,0,0,0,0,0,0,0,0,0,0,0,0,0,0,6,9,98,30,3,16.3,0,0,0,0,0,0,0,0,0,0,0,0,0,0,0,0,0,0,0,0.504,12.8
6,Stefon Diggs,WR,MIN,0,0,0,0,0,0,0,0,2,18,0,0,0,0,7,11,167,62,2,23.9,3,0,0,0,0,0,0,0,0,0,0,0,0,0,0,0,0,0,0,0.955,40
6,Jake Kumerow,WR,GB,0,0,0,0,0,0,0,0,0,0,0,0,0,0,2,3,17,10,0,8.5,0,0,0,0,0,0,0,0,0,0,0,0,0,0,0,0,0,0,0,0.003,2.7
6,Chris Conley,WR,JAC,0,0,0,0,0,0,0,0,0,0,0,0,0,0,0,3,0,0,0,0,0,0,0,0,0,0,0,0,0,0,0,0,0,0,0,0,0,0,0,0.072,0
6,Geremy Davis,WR,LAC,0,0,0,0,0,0,0,0,0,0,0,0,0,0,1,1,13,13,0,13,0,0,0,0,0,0,0,0,0,0,0,0,0,0,0,0,0,0,0,0,1.8
6,Damiere Byrd,WR,ARI,0,0,0,0,0,0,0,0,0,0,0,0,0,0,2,2,60,58,1,30,0,0,0,0,0,0,0,0,0,0,0,0,0,0,0,0,0,0,0,0.002,7
6,Darius Jennings,WR,TEN,0,0,0,0,0,0,0,0,0,0,0,0,0,0,0,1,0,0,0,0,0,0,0,0,0,0,0,0,0,0,0,0,0,0,0,0,0,0,0,0,0
6,Adam Humphries,WR,TEN,0,0,0,0,0,0,0,0,0,0,0,0,0,0,6,6,47,16,0,7.8,0,0,0,0,0,0,0,0,0,0,0,0,0,0,0,0,0,0,0,0.113,7.7
6,Laquon Treadwell,WR,MIN,0,0,0,0,0,0,0,0,0,0,0,0,0,0,1,1,15,15,0,15,0,0,0,0,0,0,0,0,0,0,0,0,0,0,0,0,0,0,0,0.001,2
6,Michael Thomas,WR,NO,0,0,0,0,0,0,0,0,0,0,0,0,0,0,8,12,89,26,1,11.1,0,0,0,0,0,0,0,0,0,0,0,0,0,0,0,0,0,0,0,1,12.9
6,Tyler Boyd,WR,CIN,0,0,0,0,0,0,0,0,0,0,0,0,0,0,3,7,10,5,0,3.3,0,0,0,0,0,0,0,0,0,0,0,0,0,0,0,0,0,0,0,0.96,2.5
6,Pharoh Cooper,WR,ARI,0,0,0,0,0,0,0,0,1,2,0,0,0,0,3,4,16,7,0,5.3,0,0,0,0,0,0,0,0,0,0,0,0,0,0,0,0,0,0,0,0.001,3.3
6,Tajae Sharpe,WR,TEN,0,0,0,0,0,0,0,0,0,0,0,0,0,0,0,2,0,0,0,0,0,0,0,0,0,0,0,0,0,0,0,0,0,0,0,0,0,0,0,0,0
6,Will Fuller,WR,HOU,0,0,0,0,0,0,0,0,0,0,0,0,0,0,5,9,44,12,0,8.8,0,0,0,0,0,0,0,0,0,0,0,0,0,0,0,0,0,0,0,0.916,6.9
6,Chris Moore,WR,BAL,0,0,0,0,0,0,0,0,0,0,0,0,0,0,2,3,18,13,0,9,0,0,0,0,0,0,0,0,0,0,0,0,0,0,0,0,0,0,0,0.001,2.8
6,Demarcus Robinson,WR,KC,0,0,0,0,0,0,0,0,0,0,0,0,0,0,0,4,0,0,0,0,0,0,0,0,0,0,0,0,0,0,0,0,0,0,0,0,0,0,0,0.529,0
6,Robby Anderson,WR,NYJ,0,0,0,0,0,0,0,0,0,0,0,0,0,0,5,8,125,92,1,25,1,0,0,0,0,0,0,0,0,0,0,0,0,0,0,0,0,0,0,0.59,21
6,Alex Erickson,WR,CIN,0,0,0,0,0,0,0,0,1,17,0,0,0,0,4,6,47,21,1,11.8,0,0,0,0,0,0,0,0,0,0,0,0,0,0,0,0,0,0,0,0.006,8.4
6,Tyreek Hill,WR,KC,0,0,0,0,0,0,0,0,0,0,0,0,0,0,5,10,80,46,1,16,2,0,0,0,0,0,0,0,0,0,0,0,0,0,0,0,0,0,0,0.998,22.5
6,Johnny Holton,WR,PIT,0,0,0,0,0,0,0,0,0,0,0,0,0,0,0,1,0,0,0,0,0,0,0,0,0,0,0,0,0,0,0,0,0,0,0,0,0,0,0,0,0
6,Geronimo Allison,WR,GB,0,0,0,0,0,0,0,0,0,0,0,0,0,0,3,7,40,21,1,13.3,0,0,0,0,0,0,0,0,0,0,0,0,0,0,0,0,0,0,0,0.314,5.5
6,Marvin Hall,WR,DET,0,0,0,0,0,0,0,0,0,0,0,0,0,0,1,1,58,58,1,58,0,0,0,0,0,0,0,0,0,0,0,0,0,0,0,0,0,0,0,0,6.3
6,Mike Williams,WR,LAC,0,0,0,0,0,0,0,0,0,0,0,0,0,0,5,10,72,20,1,14.4,0,0,0,0,0,0,0,0,0,0,0,0,0,0,0,0,0,0,0,0.825,9.7
6,Corey Davis,WR,TEN,0,0,0,0,0,0,0,0,0,0,0,0,0,0,3,5,36,18,0,12,0,0,0,0,0,0,0,0,0,0,0,0,0,0,0,0,0,0,0,0.437,5.1
6,Chris Godwin,WR,TB,0,0,0,0,0,0,0,0,0,0,0,0,0,0,10,12,151,26,3,15.1,0,0,0,0,0,0,0,0,0,0,0,0,0,0,0,0,0,0,0,0.984,20.1
6,JuJu Smith-Schuster,WR,PIT,0,0,0,0,0,0,0,0,0,0,0,0,0,0,1,4,7,7,0,7,0,0,0,0,0,0,0,0,0,0,0,0,0,0,0,0,0,0,0,0.998,1.2
6,Isaiah Ford,WR,MIA,0,0,0,0,0,0,0,0,0,0,0,0,0,0,0,1,0,0,0,0,0,0,0,0,0,0,0,0,0,0,0,0,0,0,0,0,0,0,0,0,0
6,Cooper Kupp,WR,LAR,0,0,0,0,0,0,0,0,0,0,0,0,0,0,4,6,17,6,0,4.3,0,0,0,0,0,0,0,0,0,0,0,0,0,0,0,0,0,0,0,0.991,3.7
6,Curtis Samuel,WR,CAR,0,0,0,0,0,0,0,0,1,8,0,0,0,1,4,6,70,30,2,17.5,1,0,0,0,0,0,0,0,0,0,0,0,0,0,0,0,0,0,0,0.737,21.8
6,Dede Westbrook,WR,JAC,0,0,0,0,0,0,0,0,0,0,0,0,0,0,3,8,53,23,2,17.7,0,0,0,0,0,0,0,0,0,0,0,0,0,0,0,0,0,0,0,0.695,6.8
6,Josh Reynolds,WR,LAR,0,0,0,0,0,0,0,0,0,0,0,0,0,0,0,1,0,0,0,0,0,0,0,0,0,0,0,0,0,0,0,0,0,0,0,0,0,0,0,0.001,0
6,Kenny Golladay,WR,DET,0,0,0,0,0,0,0,0,0,0,0,0,0,0,5,9,121,66,2,24.2,0,0,0,0,0,0,0,0,0,0,0,0,0,0,0,0,0,0,0,0.971,14.6
6,Mack Hollins,WR,PHI,0,0,0,0,0,0,0,0,0,0,0,0,0,0,0,2,0,0,0,0,0,0,0,0,0,0,0,0,0,0,0,0,0,0,0,0,0,0,0,0.001,0
6,Ryan Switzer,WR,PIT,0,0,0,0,0,0,0,0,0,0,0,0,0,0,1,1,-2,0,0,-2,0,0,0,0,0,0,0,0,0,0,0,0,0,0,0,0,0,0,0,0.002,0.3
6,David Moore,WR,SEA,0,0,0,0,0,0,0,0,0,0,0,0,0,0,3,4,36,14,0,12,0,0,0,0,0,0,0,0,0,0,0,0,0,0,0,0,0,0,0,0.007,5.1
6,Bobo Wilson,WR,FA,0,0,0,0,0,0,0,0,0,0,0,0,0,0,1,3,10,10,0,10,0,0,0,0,0,0,0,0,0,0,0,0,0,0,0,0,0,0,0,0,-0.5
6,Kendrick Bourne,WR,SF,0,0,0,0,0,0,0,0,0,0,0,0,0,0,1,1,11,11,0,11,0,0,0,0,0,0,0,0,0,0,0,0,0,0,0,0,0,0,0,0,1.6
6,Fred Brown,WR,DEN,0,0,0,0,0,0,0,0,0,0,0,0,0,0,1,1,5,5,0,5,0,0,0,0,0,0,0,0,0,0,0,0,0,0,0,0,0,0,0,0,1
6,Courtland Sutton,WR,DEN,0,0,0,0,0,0,0,0,0,0,0,0,0,0,4,8,76,41,1,19,0,0,0,0,0,0,0,0,0,0,0,0,0,0,0,0,0,0,0,0.839,9.6
6,Calvin Ridley,WR,ATL,0,0,0,0,0,0,0,0,0,0,0,0,0,0,4,6,48,23,1,12,1,0,0,0,0,0,0,0,0,0,0,0,0,0,0,0,0,0,0,0.933,12.8
6,Michael Gallup,WR,DAL,0,0,0,0,0,0,0,0,0,0,0,0,0,0,4,7,48,17,0,12,0,0,0,0,0,0,0,0,0,0,0,0,0,0,0,0,0,0,0,0.855,6.8
6,Cedrick Wilson,WR,DAL,0,0,0,0,0,0,0,0,0,0,0,0,0,0,5,6,46,14,0,9.2,0,0,0,0,0,0,0,0,0,0,0,0,0,0,0,0,0,0,0,0,7.1
6,Dante Pettis,WR,SF,0,0,0,0,0,0,0,0,0,0,0,0,0,0,3,6,45,21,1,15,0,0,0,0,0,0,0,0,0,0,0,0,0,0,0,0,0,0,0,0.216,6
6,D.J. Moore,WR,CAR,0,0,0,0,0,0,0,0,1,13,0,0,0,0,7,10,73,23,1,10.4,0,0,0,0,0,0,0,0,0,0,0,0,0,0,0,0,0,0,0,0.921,12.1
6,Trey Quinn,WR,WAS,0,0,0,0,0,0,0,0,0,0,0,0,0,0,2,4,8,7,0,4,0,0,0,0,0,0,0,0,0,0,0,0,0,0,0,0,0,0,0,0.026,1.8
6,Antonio Callaway,WR,CLE,0,0,0,0,0,0,0,0,0,0,0,0,0,0,2,4,22,12,0,11,0,0,0,0,0,0,0,0,0,0,0,0,0,0,0,0,0,0,0,0.016,3.2
6,D.J. Chark,WR,JAC,0,0,0,0,0,0,0,0,0,0,0,0,0,0,3,7,43,22,1,14.3,0,0,0,0,0,0,0,0,0,0,0,0,0,0,0,0,0,0,0,0.894,5.8
6,Allen Lazard,WR,GB,0,0,0,0,0,0,0,0,0,0,0,0,0,0,4,5,65,35,1,16.3,1,0,0,0,0,0,0,0,0,0,0,0,0,0,0,0,0,0,0,0.016,14.5
6,Auden Tate,WR,CIN,0,0,0,0,0,0,0,0,0,0,0,0,0,0,5,12,91,29,1,18.2,0,0,0,0,0,0,0,0,0,0,0,0,0,0,0,0,0,0,0,0.227,11.6
6,DaeSean Hamilton,WR,DEN,0,0,0,0,0,0,0,0,0,0,0,0,0,0,2,2,25,13,0,12.5,0,0,0,0,0,0,0,0,0,0,0,0,0,0,0,0,0,0,0,0.073,3.5
6,Keke Coutee,WR,HOU,0,0,0,0,0,0,0,0,0,0,0,0,0,0,4,6,39,23,1,9.8,0,0,0,0,0,0,0,0,0,0,0,0,0,0,0,0,0,0,0,0.201,5.9
6,Marquez Valdes-Scantling,WR,GB,0,0,0,0,0,0,0,0,1,9,0,0,0,0,2,2,48,46,1,24,0,0,0,0,0,0,0,0,0,0,0,0,0,0,0,0,0,0,0,0.654,6.7
6,Russell Gage,WR,ATL,0,0,0,0,0,0,0,0,0,0,0,0,0,0,1,1,6,6,0,6,0,0,0,0,0,0,0,0,0,0,0,0,0,0,0,0,0,0,0,0,1.1
6,Vyncint Smith,WR,NYJ,0,0,0,0,0,0,0,0,0,0,0,0,0,0,1,1,5,5,0,5,0,0,0,0,0,0,0,0,0,0,0,0,0,0,0,0,0,0,0,0,1
6,Byron Pringle,WR,KC,0,0,0,0,0,0,0,0,0,0,0,0,0,0,2,3,24,19,0,12,0,0,0,0,0,0,0,0,0,0,0,0,0,0,0,0,0,0,0,0.087,3.4
6,Trent Sherfield,WR,ARI,0,0,0,0,0,0,0,0,0,0,0,0,0,0,1,1,38,38,1,38,0,0,0,0,0,0,0,0,0,0,0,0,0,0,0,0,0,0,0,0.001,4.3
6,Malik Turner,WR,SEA,0,0,0,0,0,0,0,0,0,0,0,0,0,0,0,1,0,0,0,0,0,0,0,0,0,0,0,0,0,0,0,0,0,0,0,0,0,0,0,0,0
6,A.J. Brown,WR,TEN,0,0,0,0,0,0,0,0,0,0,0,0,0,0,2,4,23,13,0,11.5,0,0,0,0,0,0,0,0,0,0,0,0,0,0,0,0,0,0,0,0.152,3.3
6,D.K. Metcalf,WR,SEA,0,0,0,0,0,0,0,0,1,4,0,0,0,0,4,5,69,30,1,17.3,0,0,0,0,0,0,0,0,0,0,0,0,0,0,0,0,0,0,0,0.61,9.3
6,Kelvin Harmon,WR,WAS,0,0,0,0,0,0,0,0,0,0,0,0,0,0,1,1,8,8,0,8,0,0,0,0,0,0,0,0,0,0,0,0,0,0,0,0,0,0,0,0.001,1.3
6,Deebo Samuel,WR,SF,0,0,0,0,0,0,0,0,1,1,0,0,0,0,3,5,18,14,0,6,0,0,0,0,0,0,0,0,0,0,0,0,0,0,0,0,0,0,0,0.189,3.4
6,Terry McLaurin,WR,WAS,0,0,0,0,0,0,0,0,0,0,0,0,0,0,4,7,100,33,3,25,2,0,0,0,0,0,0,0,0,0,0,0,0,0,0,0,0,0,0,0.802,24
6,Mecole Hardman,WR,KC,0,0,0,0,0,0,0,0,0,0,0,0,0,0,4,4,45,14,0,11.3,0,0,0,0,0,0,0,0,0,0,0,0,0,0,0,0,0,0,0,0.447,6.5
6,Jakobi Meyers,WR,NE,0,0,0,0,0,0,0,0,0,0,0,0,0,0,4,4,54,23,2,13.5,0,0,0,0,0,0,0,0,0,0,0,0,0,0,0,0,0,0,0,0.011,7.4
6,Preston Williams,WR,MIA,0,0,0,0,0,0,0,0,0,0,0,0,0,0,2,6,31,21,1,15.5,0,0,0,0,0,0,0,0,0,0,0,0,0,0,0,0,0,0,0,0.14,4.1
6,Diontae Johnson,WR,PIT,0,0,0,0,0,0,0,0,0,0,0,0,0,0,2,2,14,7,0,7,0,0,0,0,0,0,0,0,0,0,0,0,0,0,0,0,0,0,0,0.215,2.4
6,KeeSean Johnson,WR,ARI,0,0,0,0,0,0,0,0,0,0,0,0,0,0,2,5,14,7,0,7,0,0,0,0,0,0,0,0,0,0,0,0,0,0,0,0,0,0,0,0.021,2.4
6,Miles Boykin,WR,BAL,0,0,0,0,0,0,0,0,0,0,0,0,0,0,2,3,28,18,0,14,0,0,0,0,0,0,0,0,0,0,0,0,0,0,0,0,0,0,0,0.01,3.8
6,Darius Slayton,WR,NYG,0,0,0,0,0,0,0,0,0,0,0,0,0,0,3,8,32,12,0,10.7,0,0,0,0,0,0,0,0,0,0,0,0,0,0,0,0,0,0,0,0.043,4.7
6,Olabisi Johnson,WR,MIN,0,0,0,0,0,0,0,0,0,0,0,0,0,0,1,1,16,16,0,16,0,0,0,0,0,0,0,0,0,0,0,0,0,0,0,0,0,0,0,0.001,2.1
6,Scott Miller,WR,TB,0,0,0,0,0,0,0,0,0,0,0,0,0,0,3,7,39,19,0,13,0,0,0,0,0,0,0,0,0,0,0,0,0,0,0,0,0,0,0,0,5.4
6,Jason Moore,WR,LAC,0,0,0,0,0,0,0,0,0,0,0,0,0,0,2,2,43,32,1,21.5,0,0,0,0,0,0,0,0,0,0,0,0,0,0,0,0,0,0,0,0,5.3
6,Steven Sims,WR,WAS,0,0,0,0,0,0,0,0,1,1,0,0,0,0,0,0,0,0,0,0,0,0,0,0,0,0,0,0,0,0,0,0,0,0,0,0,0,0,0,0.001,0.1
6,Darrius Shepherd,WR,GB,0,0,0,0,0,0,0,0,0,0,0,0,0,0,1,2,1,1,0,1,0,0,0,0,0,0,0,0,0,0,0,0,0,0,0,0,0,0,0,0.001,-1.4
6,Damion Willis,WR,CIN,0,0,0,0,0,0,0,0,0,0,0,0,0,0,0,1,0,0,0,0,0,0,0,0,0,0,0,0,0,0,0,0,0,0,0,0,0,0,0,0.001,0
6,Gunner Olszewski,WR,NE,0,0,0,0,0,0,0,0,0,0,0,0,0,0,2,3,34,29,1,17,0,0,0,0,0,0,0,0,0,0,0,0,0,0,0,0,0,0,0,0.001,4.4
6,Delanie Walker,TE,TEN,0,0,0,0,0,0,0,0,0,0,0,0,0,0,3,6,43,18,0,14.3,0,0,0,0,0,0,0,0,0,0,0,0,0,0,0,0,0,0,0,0.847,5.8
6,Greg Olsen,TE,CAR,0,0,0,0,0,0,0,0,0,0,0,0,0,0,4,7,52,18,0,13,0,0,0,0,0,0,0,0,0,0,0,0,0,0,0,0,0,0,0,0.879,7.2
6,Jared Cook,TE,NO,0,0,0,0,0,0,0,0,0,0,0,0,0,0,3,3,37,20,1,12.3,1,0,0,0,0,0,0,0,0,0,0,0,0,0,0,0,0,0,0,0.768,11.2
6,Jason Witten,TE,DAL,0,0,0,0,0,0,0,0,0,0,0,0,0,0,5,7,57,20,1,11.4,0,0,0,0,0,0,0,0,0,0,0,0,0,0,0,0,0,0,0,0.563,8.2
6,Marcedes Lewis,TE,GB,0,0,0,0,0,0,0,0,0,0,0,0,0,0,2,2,50,25,2,25,0,0,0,0,0,0,0,0,0,0,0,0,0,0,0,0,0,0,0,0.001,6
6,Jimmy Graham,TE,GB,0,0,0,0,0,0,0,0,0,0,0,0,0,0,2,5,17,9,0,8.5,0,0,0,0,0,0,0,0,0,0,0,0,0,0,0,0,0,0,0,0.692,2.7
6,Kyle Rudolph,TE,MIN,0,0,0,0,0,0,0,0,0,0,0,0,0,0,3,3,36,18,0,12,0,0,0,0,0,0,0,0,0,0,0,0,0,0,0,0,0,0,0,0.243,5.1
6,Luke Stocker,TE,ATL,0,0,0,0,0,0,0,0,0,0,0,0,0,0,1,1,0,0,0,0,0,0,0,0,0,0,0,0,0,0,0,0,0,0,0,0,0,0,0,0,0.5
6,Charles Clay,TE,ARI,0,0,0,0,0,0,0,0,0,0,0,0,0,0,2,2,8,6,0,4,0,0,0,0,0,0,0,0,0,0,0,0,0,0,0,0,0,0,0,0.001,1.8
6,Virgil Green,TE,LAC,0,0,0,0,0,0,0,0,0,0,0,0,0,0,1,2,15,15,0,15,0,0,0,0,0,0,0,0,0,0,0,0,0,0,0,0,0,0,0,0.001,2
6,Rhett Ellison,TE,NYG,0,0,0,0,0,0,0,0,0,0,0,0,0,0,3,7,30,18,0,10,0,0,0,0,0,0,0,0,0,0,0,0,0,0,0,0,0,0,0,0.024,4.5
6,Travis Kelce,TE,KC,0,0,0,0,0,0,0,0,0,0,0,0,0,0,4,6,58,18,0,14.5,0,0,0,0,0,0,0,0,0,0,0,0,0,0,0,0,0,0,0,1,7.8
6,Zach Ertz,TE,PHI,0,0,0,0,0,0,0,0,0,0,0,0,0,0,4,9,54,20,1,13.5,0,0,0,0,0,0,0,0,0,0,0,0,0,0,0,0,0,0,0,0.999,5.4
6,Tyler Eifert,TE,CIN,0,0,0,0,0,0,0,0,0,0,0,0,0,0,2,2,13,7,0,6.5,0,0,0,0,0,0,0,0,0,0,0,0,0,0,0,0,0,0,0,0.201,2.3
6,Levine Toilolo,TE,SF,0,0,0,0,0,0,0,0,0,0,0,0,0,0,1,1,8,8,0,8,0,0,0,0,0,0,0,0,0,0,0,0,0,0,0,0,0,0,0,0,1.3
6,Vance McDonald,TE,PIT,0,0,0,0,0,0,0,0,0,0,0,0,0,0,1,1,5,5,0,5,0,0,0,0,0,0,0,0,0,0,0,0,0,0,0,0,0,0,0,0.627,1
6,Luke Willson,TE,SEA,0,0,0,0,0,0,0,0,0,0,0,0,0,0,2,3,16,11,0,8,0,0,0,0,0,0,0,0,0,0,0,0,0,0,0,0,0,0,0,0.006,2.6
6,Ryan Griffin,TE,NYJ,0,0,0,0,0,0,0,0,0,0,0,0,0,0,3,3,28,12,0,9.3,1,0,0,0,0,0,0,0,0,0,0,0,0,0,0,0,0,0,0,0.001,10.3
6,Logan Thomas,TE,DET,0,0,0,0,0,0,0,0,0,0,0,0,0,0,0,1,0,0,0,0,0,0,0,0,0,0,0,0,0,0,0,0,0,0,0,0,0,0,0,0,0
6,Cameron Brate,TE,TB,0,0,0,0,0,0,0,0,0,0,0,0,0,0,2,4,47,37,1,23.5,1,0,0,0,0,0,0,0,0,0,0,0,0,0,0,0,0,0,0,0.008,11.7
6,Josh Hill,TE,NO,0,0,0,0,0,0,0,0,0,0,0,0,0,0,1,2,8,8,0,8,0,0,0,0,0,0,0,0,0,0,0,0,0,0,0,0,0,0,0,0.001,1.3
6,Darren Fells,TE,HOU,0,0,0,0,0,0,0,0,0,0,0,0,0,0,6,7,69,18,0,11.5,0,0,0,0,0,0,0,0,0,0,0,0,0,0,0,0,0,0,0,0.038,9.9
6,Maxx Williams,TE,ARI,0,0,0,0,0,0,0,0,0,0,0,0,0,0,3,3,34,20,1,11.3,1,0,0,0,0,0,0,0,0,0,0,0,0,0,0,0,0,0,0,0,10.9
6,Nick O'Leary,TE,MIA,0,0,0,0,0,0,0,0,0,0,0,0,0,0,1,1,3,3,0,3,0,0,0,0,0,0,0,0,0,0,0,0,0,0,0,0,0,0,0,0,0.8
6,Jesse James,TE,DET,0,0,0,0,0,0,0,0,0,0,0,0,0,0,1,1,8,8,0,8,0,0,0,0,0,0,0,0,0,0,0,0,0,0,0,0,0,0,0,0.007,1.3
6,Nick Boyle,TE,BAL,0,0,0,0,0,0,0,0,0,0,0,0,0,0,2,4,18,9,0,9,0,0,0,0,0,0,0,0,0,0,0,0,0,0,0,0,0,0,0,0.001,2.8
6,Blake Bell,TE,KC,0,0,0,0,0,0,0,0,0,0,0,0,0,0,0,1,0,0,0,0,0,0,0,0,0,0,0,0,0,0,0,0,0,0,0,0,0,0,0,0.001,0
6,C.J. Uzomah,TE,CIN,0,0,0,0,0,0,0,0,0,0,0,0,0,0,2,3,26,22,1,13,0,0,0,0,0,0,0,0,0,0,0,0,0,0,0,0,0,0,0,0.006,3.6
6,Geoff Swaim,TE,JAC,0,0,0,0,0,0,0,0,0,0,0,0,0,0,1,2,5,5,0,5,0,0,0,0,0,0,0,0,0,0,0,0,0,0,0,0,0,0,0,0.019,1
6,Hunter Henry,TE,LAC,0,0,0,0,0,0,0,0,0,0,0,0,0,0,8,9,100,21,1,12.5,2,0,0,0,0,0,0,0,0,0,0,0,0,0,0,0,0,0,0,0.597,26
6,Austin Hooper,TE,ATL,0,0,0,0,0,0,0,0,0,0,0,0,0,0,8,8,117,30,2,14.6,1,0,0,0,0,0,0,0,0,0,0,0,0,0,0,0,0,0,0,0.958,21.7
6,Tyler Higbee,TE,LAR,0,0,0,0,0,0,0,0,0,0,0,0,0,0,3,3,25,9,0,8.3,0,0,0,0,0,0,0,0,0,0,0,0,0,0,0,0,0,0,0,0.029,4
6,Nick Vannett,TE,PIT,0,0,0,0,0,0,0,0,0,0,0,0,0,0,1,1,5,5,0,5,0,0,0,0,0,0,0,0,0,0,0,0,0,0,0,0,0,0,0,0.008,1
6,Seth DeValve,TE,JAC,0,0,0,0,0,0,0,0,0,0,0,0,0,0,1,2,16,16,0,16,0,0,0,0,0,0,0,0,0,0,0,0,0,0,0,0,0,0,0,0,2.1
6,O.J. Howard,TE,TB,0,0,0,0,0,0,0,0,0,0,0,0,0,0,2,4,35,30,1,17.5,0,0,0,0,0,0,0,0,0,0,0,0,0,0,0,0,0,0,0,0.682,4.5
6,Gerald Everett,TE,LAR,0,0,0,0,0,0,0,0,0,0,0,0,0,0,2,5,9,12,0,4.5,0,0,0,0,0,0,0,0,0,0,0,0,0,0,0,0,0,0,0,0.667,1.9
6,Jonnu Smith,TE,TEN,0,0,0,0,0,0,0,0,0,0,0,0,0,0,1,2,8,8,0,8,0,0,0,0,0,0,0,0,0,0,0,0,0,0,0,0,0,0,0,0.001,1.3
6,Jeremy Sprinkle,TE,WAS,0,0,0,0,0,0,0,0,0,0,0,0,0,0,2,3,24,19,0,12,0,0,0,0,0,0,0,0,0,0,0,0,0,0,0,0,0,0,0,0.014,3.4
6,George Kittle,TE,SF,0,0,0,0,0,0,0,0,0,0,0,0,0,0,8,8,103,45,1,12.9,0,0,0,0,0,0,0,0,0,0,0,0,0,0,0,0,0,0,0,0.998,14.3
6,Blake Jarwin,TE,DAL,0,0,0,0,0,0,0,0,0,0,0,0,0,0,2,4,6,5,0,3,0,0,0,0,0,0,0,0,0,0,0,0,0,0,0,0,0,0,0,0.013,1.6
6,Ricky Seals-Jones,TE,CLE,0,0,0,0,0,0,0,0,0,0,0,0,0,0,3,6,47,31,1,15.7,1,0,0,0,0,0,0,0,0,0,0,0,0,0,0,0,0,0,0,0.024,12.2
6,Anthony Firkser,TE,TEN,0,0,0,0,0,0,0,0,0,0,0,0,0,0,1,1,25,25,1,25,0,0,0,0,0,0,0,0,0,0,0,0,0,0,0,0,0,0,0,0,3
6,Pharaoh Brown,TE,CLE,0,0,0,0,0,0,0,0,0,0,0,0,0,0,1,1,9,9,0,9,0,0,0,0,0,0,0,0,0,0,0,0,0,0,0,0,0,0,0,0,1.4
6,Mark Andrews,TE,BAL,0,0,0,0,0,0,0,0,0,0,0,0,0,0,6,8,99,39,2,16.5,0,0,0,0,0,0,0,0,0,0,0,0,0,0,0,0,0,0,0,0.955,10.9
6,Dallas Goedert,TE,PHI,0,0,0,0,0,0,0,0,0,0,0,0,0,0,5,8,48,13,0,9.6,0,0,0,0,0,0,0,0,0,0,0,0,0,0,0,0,0,0,0,0.066,7.3
6,Mike Gesicki,TE,MIA,0,0,0,0,0,0,0,0,0,0,0,0,0,0,3,7,51,30,1,17,0,0,0,0,0,0,0,0,0,0,0,0,0,0,0,0,0,0,0,0.011,6.6
6,Hayden Hurst,TE,BAL,0,0,0,0,0,0,0,0,0,0,0,0,0,0,1,1,4,4,0,4,0,0,0,0,0,0,0,0,0,0,0,0,0,0,0,0,0,0,0,0.035,0.9
6,Dalton Schultz,TE,DAL,0,0,0,0,0,0,0,0,0,0,0,0,0,0,1,1,6,6,0,6,0,0,0,0,0,0,0,0,0,0,0,0,0,0,0,0,0,0,0,0,1.1
6,Jordan Akins,TE,HOU,0,0,0,0,0,0,0,0,0,0,0,0,0,0,3,3,39,23,1,13,0,0,0,0,0,0,0,0,0,0,0,0,0,0,0,0,0,0,0,0.083,5.4
6,Noah Fant,TE,DEN,0,0,0,0,0,0,0,0,0,0,0,0,0,0,2,3,16,11,0,8,0,0,0,0,0,0,0,0,0,0,0,0,0,0,0,0,0,0,0,0.164,2.6
6,Ryan Izzo,TE,NE,0,0,0,0,0,0,0,0,0,0,0,0,0,0,2,4,31,20,1,15.5,0,0,0,0,0,0,0,0,0,0,0,0,0,0,0,0,0,0,0,0.008,4.1
6,Will Dissly,TE,SEA,0,0,0,0,0,0,0,0,0,0,0,0,0,0,0,1,0,0,0,0,0,0,0,0,0,0,0,0,0,0,0,0,0,0,0,0,0,0,0,0.803,0
6,Jaeden Graham,TE,ATL,0,0,0,0,0,0,0,0,0,0,0,0,0,0,1,1,21,21,1,21,0,0,0,0,0,0,0,0,0,0,0,0,0,0,0,0,0,0,0,0,2.6
6,T.J. Hockenson,TE,DET,0,0,0,0,0,0,0,0,0,0,0,0,0,0,4,6,21,7,0,5.3,0,0,0,0,0,0,0,0,0,0,0,0,0,0,0,0,0,0,0,0.602,4.1
6,Drew Sample,TE,CIN,0,0,0,0,0,0,0,0,0,0,0,0,0,0,1,1,-1,0,0,-1,0,0,0,0,0,0,0,0,0,0,0,0,0,0,0,0,0,0,0,0,0.4
6,Irv Smith Jr.,TE,MIN,0,0,0,0,0,0,0,0,0,0,0,0,0,0,2,2,29,29,1,14.5,0,0,0,0,0,0,0,0,0,0,0,0,0,0,0,0,0,0,0,0.01,3.9
6,Arizona Cardinals,DST,ARI,0,0,0,0,0,0,0,0,0,0,0,0,0,0,0,0,0,0,0,0,0,2,0,0,1,0,0,0,0,0,0,0,0,0,0,0,0,0,0,0.059,1
6,Atlanta Falcons,DST,ATL,0,0,0,0,0,0,0,0,0,0,0,0,0,0,0,0,0,0,0,0,0,0,0,0,0,0,0,0,0,0,0,0,0,0,0,0,0,0,0,0.037,-1
6,Baltimore Ravens,DST,BAL,0,0,0,0,0,0,0,0,0,0,0,0,0,0,0,0,0,0,0,0,0,2,1,0,0,0,0,0,0,0,0,0,0,0,0,0,0,0,0,0.827,5
6,Buffalo Bills,DST,BUF,0,0,0,0,0,0,0,0,0,0,0,0,0,0,0,0,0,0,0,0,0,0,0,0,0,0,0,0,0,0,0,0,0,0,0,0,0,0,0,0.72,0
6,Carolina Panthers,DST,CAR,0,0,0,0,0,0,0,0,0,0,0,0,0,0,0,0,0,0,0,0,0,7,5,2,2,0,0,0,0,0,0,0,0,0,0,0,0,0,0,0.581,21
6,Chicago Bears,DST,CHI,0,0,0,0,0,0,0,0,0,0,0,0,0,0,0,0,0,0,0,0,0,0,0,0,0,0,0,0,0,0,0,0,0,0,0,0,0,0,0,0.968,0
6,Cincinnati Bengals,DST,CIN,0,0,0,0,0,0,0,0,0,0,0,0,0,0,0,0,0,0,0,0,0,1,0,1,1,0,0,1,0,0,0,0,0,0,0,0,0,0,0,0.011,3
6,Cleveland Browns,DST,CLE,0,0,0,0,0,0,0,0,0,0,0,0,0,0,0,0,0,0,0,0,0,3,0,1,1,0,0,0,0,0,0,0,0,0,0,0,0,0,0,0.304,4
6,Dallas Cowboys,DST,DAL,0,0,0,0,0,0,0,0,0,0,0,0,0,0,0,0,0,0,0,0,0,2,1,0,0,0,0,0,0,0,0,0,0,0,0,0,0,0,0,0.759,4
6,Denver Broncos,DST,DEN,0,0,0,0,0,0,0,0,0,0,0,0,0,0,0,0,0,0,0,0,0,7,3,0,1,0,0,0,0,0,0,0,0,0,0,0,0,0,0,0.382,23
6,Detroit Lions,DST,DET,0,0,0,0,0,0,0,0,0,0,0,0,0,0,0,0,0,0,0,0,0,1,1,2,1,0,0,0,0,0,0,0,0,0,0,0,0,0,0,0.029,7
6,Green Bay Packers,DST,GB,0,0,0,0,0,0,0,0,0,0,0,0,0,0,0,0,0,0,0,0,0,3,0,0,0,0,0,0,0,0,0,0,0,0,0,0,0,0,0,0.448,3
6,Houston Texans,DST,HOU,0,0,0,0,0,0,0,0,0,0,0,0,0,0,0,0,0,0,0,0,0,1,1,1,1,0,0,0,0,0,0,0,0,0,0,0,0,0,0,0.327,5
6,Indianapolis Colts,DST,IND,0,0,0,0,0,0,0,0,0,0,0,0,0,0,0,0,0,0,0,0,0,0,0,0,0,0,0,0,0,0,0,0,0,0,0,0,0,0,0,0.131,0
6,Jacksonville Jaguars,DST,JAC,0,0,0,0,0,0,0,0,0,0,0,0,0,0,0,0,0,0,0,0,0,3,0,0,1,0,0,0,0,0,0,0,0,0,0,0,0,0,0,0.661,7
6,Kansas City Chiefs,DST,KC,0,0,0,0,0,0,0,0,0,0,0,0,0,0,0,0,0,0,0,0,0,0,2,1,1,0,0,0,0,0,0,0,0,0,0,0,0,0,0,0.201,5
6,Miami Dolphins,DST,MIA,0,0,0,0,0,0,0,0,0,0,0,0,0,0,0,0,0,0,0,0,0,0,0,0,0,0,0,0,0,0,0,0,0,0,0,0,0,0,0,0.015,1
6,Minnesota Vikings,DST,MIN,0,0,0,0,0,0,0,0,0,0,0,0,0,0,0,0,0,0,0,0,0,2,2,1,1,0,0,0,0,0,0,0,0,0,0,0,0,0,0,0.883,9
6,New England Patriots,DST,NE,0,0,0,0,0,0,0,0,0,0,0,0,0,0,0,0,0,0,0,0,0,1,3,1,1,1,0,1,0,0,0,0,0,0,0,0,0,0,0,0.989,31
6,New Orleans Saints,DST,NO,0,0,0,0,0,0,0,0,0,0,0,0,0,0,0,0,0,0,0,0,0,2,1,0,0,0,0,0,0,0,0,0,0,0,0,0,0,0,0,0.661,11
6,New York Giants,DST,NYG,0,0,0,0,0,0,0,0,0,0,0,0,0,0,0,0,0,0,0,0,0,3,1,1,1,1,0,0,0,0,0,0,0,0,0,0,0,0,0,0.02,14
6,New York Jets,DST,NYJ,0,0,0,0,0,0,0,0,0,0,0,0,0,0,0,0,0,0,0,0,0,1,0,0,0,0,0,0,0,0,0,0,0,0,0,0,0,0,0,0.066,1
6,Oakland Raiders,DST,OAK,0,0,0,0,0,0,0,0,0,0,0,0,0,0,0,0,0,0,0,0,0,0,0,0,0,0,0,0,0,0,0,0,0,0,0,0,0,0,0,0.01,0
6,Philadelphia Eagles,DST,PHI,0,0,0,0,0,0,0,0,0,0,0,0,0,0,0,0,0,0,0,0,0,1,1,1,1,0,0,0,0,0,0,0,0,0,0,0,0,0,0,0.541,1
6,Pittsburgh Steelers,DST,PIT,0,0,0,0,0,0,0,0,0,0,0,0,0,0,0,0,0,0,0,0,0,1,2,1,0,1,0,0,0,0,0,0,0,0,0,0,0,0,0,0.282,14
6,Los Angeles Chargers,DST,LAC,0,0,0,0,0,0,0,0,0,0,0,0,0,0,0,0,0,0,0,0,0,0,1,0,0,0,0,0,0,0,0,0,0,0,0,0,0,0,0,0.894,3
6,Seattle Seahawks,DST,SEA,0,0,0,0,0,0,0,0,0,0,0,0,0,0,0,0,0,0,0,0,0,0,3,1,1,0,0,0,0,0,0,0,0,0,0,0,0,0,0,0.434,7
6,San Francisco 49ers,DST,SF,0,0,0,0,0,0,0,0,0,0,0,0,0,0,0,0,0,0,0,0,0,4,0,1,1,0,0,0,0,0,0,0,0,0,0,0,0,0,0,0.629,10
6,Los Angeles Rams,DST,LAR,0,0,0,0,0,0,0,0,0,0,0,0,0,0,0,0,0,0,0,0,0,2,1,1,1,0,0,0,0,0,0,0,0,0,0,0,0,0,0,0.8,7
6,Tampa Bay Buccaneers,DST,TB,0,0,0,0,0,0,0,0,0,0,0,0,0,0,0,0,0,0,0,0,0,2,0,1,0,0,0,0,0,0,0,0,0,0,0,0,0,0,0,0.054,0
6,Tennessee Titans,DST,TEN,0,0,0,0,0,0,0,0,0,0,0,0,0,0,0,0,0,0,0,0,0,1,1,0,1,0,0,0,0,0,0,0,0,0,0,0,0,0,0,0.629,4
6,Washington Redskins,DST,WAS,0,0,0,0,0,0,0,0,0,0,0,0,0,0,0,0,0,0,0,0,0,5,2,0,1,0,0,0,0,0,0,0,0,0,0,0,0,0,0,0.511,10
6,Mason Crosby,K,GB,0,0,0,0,0,0,0,0,0,0,0,0,0,0,0,0,0,0,0,0,0,0,0,0,0,0,0,0,3,3,100,48,0,1,1,1,0,2,2,0.59,12
6,Matt Bryant,K,ATL,0,0,0,0,0,0,0,0,0,0,0,0,0,0,0,0,0,0,0,0,0,0,0,0,0,0,0,0,2,2,100,44,0,1,0,1,0,3,4,0.346,10
6,Matt Prater,K,DET,0,0,0,0,0,0,0,0,0,0,0,0,0,0,0,0,0,0,0,0,0,0,0,0,0,0,0,0,5,5,100,54,0,2,0,1,2,1,1,0.258,21
6,Mike Nugent,K,NE,0,0,0,0,0,0,0,0,0,0,0,0,0,0,0,0,0,0,0,0,0,0,0,0,0,0,0,0,0,1,0,0,0,0,0,0,0,5,5,0.333,5
6,Robbie Gould,K,SF,0,0,0,0,0,0,0,0,0,0,0,0,0,0,0,0,0,0,0,0,0,0,0,0,0,0,0,0,2,3,66.7,34,0,1,1,0,0,2,2,0.65,8
6,Dan Bailey,K,MIN,0,0,0,0,0,0,0,0,0,0,0,0,0,0,0,0,0,0,0,0,0,0,0,0,0,0,0,0,1,1,100,39,0,0,1,0,0,5,5,0.092,8
6,Randy Bullock,K,CIN,0,0,0,0,0,0,0,0,0,0,0,0,0,0,0,0,0,0,0,0,0,0,0,0,0,0,0,0,1,1,100,22,0,1,0,0,0,2,2,0.003,5
6,Justin Tucker,K,BAL,0,0,0,0,0,0,0,0,0,0,0,0,0,0,0,0,0,0,0,0,0,0,0,0,0,0,0,0,3,3,100,49,0,1,0,2,0,2,2,0.989,13
6,Dustin Hopkins,K,WAS,0,0,0,0,0,0,0,0,0,0,0,0,0,0,0,0,0,0,0,0,0,0,0,0,0,0,0,0,1,2,50,21,0,1,0,0,0,2,2,0.01,5
6,Brett Maher,K,DAL,0,0,0,0,0,0,0,0,0,0,0,0,0,0,0,0,0,0,0,0,0,0,0,0,0,0,0,0,3,4,75,62,0,0,1,0,2,1,1,0.558,14
6,Chris Boswell,K,PIT,0,0,0,0,0,0,0,0,0,0,0,0,0,0,0,0,0,0,0,0,0,0,0,0,0,0,0,0,1,1,100,20,0,1,0,0,0,3,3,0.142,6
6,Brandon McManus,K,DEN,0,0,0,0,0,0,0,0,0,0,0,0,0,0,0,0,0,0,0,0,0,0,0,0,0,0,0,0,3,3,100,53,0,0,1,1,1,1,1,0.052,13
6,Jason Myers,K,SEA,0,0,0,0,0,0,0,0,0,0,0,0,0,0,0,0,0,0,0,0,0,0,0,0,0,0,0,0,2,2,100,38,0,1,1,0,0,2,3,0.322,8
6,Josh Lambo,K,JAC,0,0,0,0,0,0,0,0,0,0,0,0,0,0,0,0,0,0,0,0,0,0,0,0,0,0,0,0,2,2,100,32,0,1,1,0,0,0,0,0.35,6
6,Ka'imi Fairbairn,K,HOU,0,0,0,0,0,0,0,0,0,0,0,0,0,0,0,0,0,0,0,0,0,0,0,0,0,0,0,0,1,2,50,44,0,0,0,1,0,2,3,0.742,6
6,Wil Lutz,K,NO,0,0,0,0,0,0,0,0,0,0,0,0,0,0,0,0,0,0,0,0,0,0,0,0,0,0,0,0,2,2,100,47,0,1,0,1,0,1,1,0.958,8
6,Sam Ficken,K,NYJ,0,0,0,0,0,0,0,0,0,0,0,0,0,0,0,0,0,0,0,0,0,0,0,0,0,0,0,0,1,1,100,38,0,0,1,0,0,3,3,0.001,6
6,Jake Elliott,K,PHI,0,0,0,0,0,0,0,0,0,0,0,0,0,0,0,0,0,0,0,0,0,0,0,0,0,0,0,0,2,2,100,53,0,0,0,1,1,2,2,0.449,10
6,Zane Gonzalez,K,ARI,0,0,0,0,0,0,0,0,0,0,0,0,0,0,0,0,0,0,0,0,0,0,0,0,0,0,0,0,2,2,100,39,0,1,1,0,0,4,4,0.432,10
6,Harrison Butker,K,KC,0,0,0,0,0,0,0,0,0,0,0,0,0,0,0,0,0,0,0,0,0,0,0,0,0,0,0,0,1,2,50,41,0,0,0,1,0,3,3,0.986,7
6,Jason Sanders,K,MIA,0,0,0,0,0,0,0,0,0,0,0,0,0,0,0,0,0,0,0,0,0,0,0,0,0,0,0,0,1,1,100,39,0,0,1,0,0,1,1,0.002,4
6,Matt Gay,K,TB,0,0,0,0,0,0,0,0,0,0,0,0,0,0,0,0,0,0,0,0,0,0,0,0,0,0,0,0,1,1,100,54,0,0,0,0,1,1,1,0.384,6
6,Joey Slye,K,CAR,0,0,0,0,0,0,0,0,0,0,0,0,0,0,0,0,0,0,0,0,0,0,0,0,0,0,0,0,3,5,60,49,0,1,0,2,0,4,4,0.628,15
6,Chase McLaughlin,K,LAC,0,0,0,0,0,0,0,0,0,0,0,0,0,0,0,0,0,0,0,0,0,0,0,0,0,0,0,0,1,2,50,38,0,0,1,0,0,2,2,0.155,5
7,Aaron Rodgers,QB,GB,31,25,80.6,429,13.8,5,0,1,2,6,0,0,0,1,0,0,0,0,0,0,0,0,0,0,0,0,0,0,0,0,0,0,0,0,0,0,0,0,0,0,43.8
7,Joe Flacco,QB,DEN,34,21,61.8,213,6.3,0,0,8,0,0,0,0,0,0,0,0,0,0,0,0,0,0,0,0,0,0,0,0,0,0,0,0,0,0,0,0,0,0,0,1,6.5
7,Matt Moore,QB,KC,19,10,52.6,117,6.2,1,0,1,1,-1,0,0,0,0,0,0,0,0,0,0,0,0,0,0,0,0,0,0,0,0,0,0,0,0,0,0,0,0,0,0,8.6
7,Matt Ryan,QB,ATL,27,16,59.3,159,5.9,0,1,5,1,2,0,0,0,0,0,0,0,0,0,0,0,0,0,0,0,0,0,0,0,0,0,0,0,0,0,0,0,0,0,1,3.6
7,Matt Schaub,QB,ATL,6,6,100,65,10.8,1,0,0,1,-1,0,0,0,0,0,0,0,0,0,0,0,0,0,0,0,0,0,0,0,0,0,0,0,0,0,0,0,0,0,0,6.5
7,Matthew Stafford,QB,DET,45,30,66.7,364,8.1,4,1,2,0,0,0,0,0,0,0,0,0,0,0,0,0,0,0,0,0,0,0,0,0,0,0,0,0,0,0,0,0,0,0,0,29.6
7,Philip Rivers,QB,LAC,38,24,63.2,329,8.7,2,0,1,0,0,0,0,0,0,0,0,0,0,0,0,0,0,0,0,0,0,0,0,0,0,0,0,0,0,0,0,0,0,0,0,21.2
7,Ryan Fitzpatrick,QB,MIA,35,23,65.7,282,8.1,1,1,0,6,13,0,0,0,1,0,0,0,0,0,0,0,0,0,0,0,0,0,0,0,0,0,0,0,0,0,0,0,0,0,0,21.6
7,Tom Brady,QB,NE,45,31,68.9,249,5.5,1,1,0,0,0,0,0,0,0,0,0,0,0,0,0,0,0,0,0,0,0,0,0,0,0,0,0,0,0,0,0,0,0,0,0,13
7,Andy Dalton,QB,CIN,43,22,51.2,276,6.4,1,3,2,4,33,0,0,0,1,0,0,0,0,0,0,0,0,0,0,0,0,0,0,0,0,0,0,0,0,0,0,0,0,0,0,21.3
7,Ryan Tannehill,QB,TEN,29,23,79.3,312,10.8,2,1,2,5,7,0,0,0,0,0,0,0,0,0,0,0,0,0,0,0,0,0,0,0,0,0,0,0,0,0,0,0,0,0,0,20.2
7,Kirk Cousins,QB,MIN,34,24,70.6,337,9.9,4,0,0,4,-3,0,0,0,0,0,0,0,0,0,0,0,0,0,0,0,0,0,0,0,0,0,0,0,0,0,0,0,0,0,0,29.2
7,Russell Wilson,QB,SEA,41,20,48.8,241,5.9,1,1,1,3,27,0,0,0,0,0,0,0,0,0,0,0,0,0,0,0,0,0,0,0,0,0,0,0,0,0,0,0,0,0,0,15.3
7,Case Keenum,QB,WAS,12,9,75,77,6.4,0,0,3,0,0,0,0,0,0,0,0,0,0,0,0,0,0,0,0,0,0,0,0,0,0,0,0,0,0,0,0,0,0,0,0,3.1
7,Mike Glennon,QB,OAK,3,2,66.7,36,12,1,0,0,0,0,0,0,0,0,0,0,0,0,0,0,0,0,0,0,0,0,0,0,0,0,0,0,0,0,0,0,0,0,0,0,5.4
7,Teddy Bridgewater,QB,NO,38,23,60.5,281,7.4,2,0,1,4,7,0,0,0,0,0,0,0,0,0,0,0,0,0,0,0,0,0,0,0,0,0,0,0,0,0,0,0,0,0,0,19.9
7,Derek Carr,QB,OAK,28,22,78.6,293,10.5,2,1,0,2,0,0,0,0,0,0,0,0,0,0,0,0,0,0,0,0,0,0,0,0,0,0,0,0,0,0,0,0,0,0,1,16.7
7,Jimmy Garoppolo,QB,SF,21,12,57.1,151,7.2,0,1,2,4,20,0,0,0,0,0,0,0,0,0,0,0,0,0,0,0,0,0,0,0,0,0,0,0,0,0,0,0,0,0,0,7
7,Jared Goff,QB,LAR,37,22,59.5,268,7.2,2,0,0,3,3,0,0,0,1,0,0,0,0,0,0,0,0,0,0,0,0,0,0,0,0,0,0,0,0,0,0,0,0,0,0,25
7,Carson Wentz,QB,PHI,26,16,61.5,191,7.3,1,1,3,4,12,0,0,0,0,0,0,0,0,0,0,0,0,0,0,0,0,0,0,0,0,0,0,0,0,0,0,0,0,0,2,7.8
7,Dak Prescott,QB,DAL,27,21,77.8,239,8.9,1,1,3,5,30,0,0,0,1,0,0,0,0,0,0,0,0,0,0,0,0,0,0,0,0,0,0,0,0,0,0,0,0,0,0,21.6
7,Jacoby Brissett,QB,IND,39,26,66.7,326,8.4,4,0,1,5,6,0,0,0,0,0,0,0,0,0,0,0,0,0,0,0,0,0,0,0,0,0,0,0,0,0,0,0,0,0,1,27.6
7,Mitch Trubisky,QB,CHI,54,34,63,251,4.6,2,0,2,0,0,0,0,0,0,0,0,0,0,0,0,0,0,0,0,0,0,0,0,0,0,0,0,0,0,0,0,0,0,0,0,20
7,Deshaun Watson,QB,HOU,34,23,67.6,308,9.1,1,2,3,3,32,0,0,0,0,0,0,0,0,0,0,0,0,0,0,0,0,0,0,0,0,0,0,0,0,0,0,0,0,0,0,17.5
7,Patrick Mahomes,QB,KC,11,10,90.9,76,6.9,1,0,0,1,2,0,0,0,0,0,0,0,0,0,0,0,0,0,0,0,0,0,0,0,0,0,0,0,0,0,0,0,0,0,0,7.2
7,Taysom Hill,QB,NO,0,0,0,0,0,0,0,0,2,21,0,0,0,0,0,0,0,0,0,0,0,0,0,0,0,0,0,0,0,0,0,0,0,0,0,0,0,0,0,0,9
7,Lamar Jackson,QB,BAL,20,9,45,143,7.2,0,0,1,14,116,0,0,0,1,0,0,0,0,0,0,0,0,0,0,0,0,0,0,0,0,0,0,0,0,0,0,0,0,0,0,23.3
7,Sam Darnold,QB,NYJ,32,11,34.4,86,2.7,0,4,1,2,-1,0,0,0,0,0,0,0,0,0,0,0,0,0,0,0,0,0,0,0,0,0,0,0,0,0,0,0,0,0,1,-2.7
7,Josh Allen,QB,BUF,26,16,61.5,202,7.8,2,0,2,4,32,0,0,0,0,0,0,0,0,0,0,0,0,0,0,0,0,0,0,0,0,0,0,0,0,0,0,0,0,0,0,21.3
7,Tim Boyle,QB,GB,0,0,0,0,0,0,0,0,3,-3,0,0,0,0,0,0,0,0,0,0,0,0,0,0,0,0,0,0,0,0,0,0,0,0,0,0,0,0,0,0,-0.3
7,Daniel Jones,QB,NYG,35,22,62.9,223,6.4,1,1,8,4,35,0,0,0,0,0,0,0,0,0,0,0,0,0,0,0,0,0,0,0,0,0,0,0,0,0,0,0,0,0,2,11.4
7,Gardner Minshew,QB,JAC,32,15,46.9,255,8,1,0,2,9,48,0,0,0,0,0,0,0,0,0,0,0,0,0,0,0,0,0,0,0,0,0,0,0,0,0,0,0,0,0,0,21
7,Kyler Murray,QB,ARI,21,14,66.7,104,5,0,0,2,10,28,0,0,0,0,0,0,0,0,0,0,0,0,0,0,0,0,0,0,0,0,0,0,0,0,0,0,0,0,0,0,7
7,Jarrett Stidham,QB,NE,0,0,0,0,0,0,0,0,2,-2,0,0,0,0,0,0,0,0,0,0,0,0,0,0,0,0,0,0,0,0,0,0,0,0,0,0,0,0,0,0,-0.2
7,Adrian Peterson,RB,WAS,0,0,0,0,0,0,0,0,20,81,4.1,15,0,0,0,0,0,0,0,0,0,0,0,0,0,0,0,0,0,0,0,0,0,0,0,0,0,0,0,0.574,6.1
7,Frank Gore,RB,BUF,0,0,0,0,0,0,0,0,11,55,5,15,0,0,1,1,11,0,0,11,0,0,0,0,0,0,0,0,0,0,0,0,0,0,0,0,0,0,0,0.716,7.1
7,LeSean McCoy,RB,KC,0,0,0,0,0,0,0,0,12,64,5.3,22,1,0,2,2,12,0,0,6,0,0,0,0,0,0,0,0,0,0,0,0,0,0,0,0,0,0,0,0.818,8.6
7,Mark Ingram,RB,BAL,0,0,0,0,0,0,0,0,12,46,3.8,8,0,0,1,1,7,0,0,7,0,0,0,0,0,0,0,0,0,0,0,0,0,0,0,0,0,0,0,0.982,5.8
7,Bilal Powell,RB,NYJ,0,0,0,0,0,0,0,0,1,3,3,3,0,0,0,0,0,0,0,0,0,0,0,0,0,0,0,0,0,0,0,0,0,0,0,0,0,0,0,0.001,0.3
7,Anthony Sherman,RB,KC,0,0,0,0,0,0,0,0,2,7,3.5,5,0,0,0,0,0,0,0,0,0,0,0,0,0,0,0,0,0,0,0,0,0,0,0,0,0,0,0,0,0.7
7,Dion Lewis,RB,TEN,0,0,0,0,0,0,0,0,1,2,2,2,0,0,0,1,0,0,0,0,0,0,0,0,0,0,0,0,0,0,0,0,0,0,0,0,0,0,0,0.159,0.2
7,Brandon Bolden,RB,NE,0,0,0,0,0,0,0,0,1,2,2,2,0,0,4,4,39,0,0,9.8,0,0,0,0,0,0,0,0,0,0,0,0,0,0,0,0,0,0,0,0.031,6.1
7,Giovani Bernard,RB,CIN,0,0,0,0,0,0,0,0,4,0,0,2,0,0,2,3,4,0,0,2,0,0,0,0,0,0,0,0,0,0,0,0,0,0,0,0,0,0,0,0.127,1.4
7,Le'Veon Bell,RB,NYJ,0,0,0,0,0,0,0,0,15,70,4.7,19,0,0,1,4,6,0,0,6,0,0,0,0,0,0,0,0,0,0,0,0,0,0,0,0,0,0,0,0.999,8.1
7,Kenjon Barner,RB,ATL,0,0,0,0,0,0,0,0,0,0,0,0,0,0,0,1,0,0,0,0,0,0,0,0,0,0,0,0,0,0,0,0,0,0,0,0,0,0,0,0,0
7,Latavius Murray,RB,NO,0,0,0,0,0,0,0,0,27,119,4.4,17,0,2,5,6,31,0,0,6.2,0,0,0,0,0,0,0,0,0,0,0,0,0,0,0,0,0,0,0,0.716,29.5
7,Zach Line,RB,NO,0,0,0,0,0,0,0,0,1,3,3,3,0,0,1,3,12,0,0,12,0,0,0,0,0,0,0,0,0,0,0,0,0,0,0,0,0,0,0,0,2
7,Patrick DiMarco,RB,BUF,0,0,0,0,0,0,0,0,1,4,4,4,0,0,1,1,27,0,0,27,0,0,0,0,0,0,0,0,0,0,0,0,0,0,0,0,0,0,0,0,3.6
7,Carlos Hyde,RB,HOU,0,0,0,0,0,0,0,0,12,35,2.9,10,0,0,0,1,0,0,0,0,0,0,0,0,0,0,0,0,0,0,0,0,0,0,0,0,0,0,0,0.799,3.5
7,Devonta Freeman,RB,ATL,0,0,0,0,0,0,0,0,7,19,2.7,9,0,0,2,3,6,0,0,3,0,0,0,0,0,0,0,0,0,0,0,0,0,0,0,0,0,0,0,0.986,3.5
7,James White,RB,NE,0,0,0,0,0,0,0,0,5,0,0,3,0,0,7,8,59,0,0,8.4,0,0,0,0,0,0,0,0,0,0,0,0,0,0,0,0,0,0,0,0.914,9.4
7,Damien Williams,RB,KC,0,0,0,0,0,0,0,0,9,7,0.8,4,0,0,2,3,-1,0,0,-0.5,0,0,0,0,0,0,0,0,0,0,0,0,0,0,0,0,0,0,0,0.893,1.6
7,Keith Smith,RB,ATL,0,0,0,0,0,0,0,0,0,0,0,0,0,0,0,1,0,0,0,0,0,0,0,0,0,0,0,0,0,0,0,0,0,0,0,0,0,0,0,0,0
7,Melvin Gordon,RB,LAC,0,0,0,0,0,0,0,0,16,32,2,6,0,0,2,3,-3,0,0,-1.5,1,0,0,0,0,0,0,0,0,0,0,0,0,0,0,0,0,0,0,0.973,7.9
7,Todd Gurley,RB,LAR,0,0,0,0,0,0,0,0,18,41,2.3,10,0,0,1,1,13,0,0,13,1,0,0,0,0,0,0,0,0,0,0,0,0,0,0,0,0,0,0,0.994,11.9
7,Tevin Coleman,RB,SF,0,0,0,0,0,0,0,0,20,62,3.1,9,0,0,2,2,-1,0,0,-0.5,0,0,0,0,0,0,0,0,0,0,0,0,0,0,0,0,0,0,0,0.917,7.1
7,Duke Johnson,RB,HOU,0,0,0,0,0,0,0,0,7,34,4.9,11,0,0,2,5,22,0,0,11,0,0,0,0,0,0,0,0,0,0,0,0,0,0,0,0,0,0,0,0.612,6.6
7,David Johnson,RB,ARI,0,0,0,0,0,0,0,0,1,2,2,2,0,0,0,0,0,0,0,0,0,0,0,0,0,0,0,0,0,0,0,0,0,0,0,0,0,0,0,1,0.2
7,Ty Montgomery,RB,NYJ,0,0,0,0,0,0,0,0,2,9,4.5,6,0,0,0,1,0,0,0,0,0,0,0,0,0,0,0,0,0,0,0,0,0,0,0,0,0,0,0,0.038,0.9
7,Zach Zenner,RB,FA,0,0,0,0,0,0,0,0,1,1,1,1,0,0,1,2,6,0,0,6,0,0,0,0,0,0,0,0,0,0,0,0,0,0,0,0,0,0,0,0.001,1.2
7,Ezekiel Elliott,RB,DAL,0,0,0,0,0,0,0,0,22,111,5,16,0,1,6,7,36,0,0,6,0,0,0,0,0,0,0,0,0,0,0,0,0,0,0,0,0,0,0,1,23.7
7,Derrick Henry,RB,TEN,0,0,0,0,0,0,0,0,22,90,4.1,12,0,1,1,1,18,0,0,18,0,0,0,0,0,0,0,0,0,0,0,0,0,0,0,0,0,0,0,0.989,17.3
7,Jordan Howard,RB,PHI,0,0,0,0,0,0,0,0,11,50,4.5,16,0,0,2,2,6,0,0,3,0,0,0,0,0,0,0,0,0,0,0,0,0,0,0,0,0,0,0,0.848,6.6
7,C.J. Prosise,RB,SEA,0,0,0,0,0,0,0,0,1,17,17,17,0,0,0,0,0,0,0,0,0,0,0,0,0,0,0,0,0,0,0,0,0,0,0,0,0,0,0,0.004,1.7
7,Kenyan Drake,RB,MIA,0,0,0,0,0,0,0,0,6,21,3.5,11,0,0,3,4,37,0,0,12.3,0,0,0,0,0,0,0,0,0,0,0,0,0,0,0,0,0,0,0,0.685,7.3
7,Wendell Smallwood,RB,WAS,0,0,0,0,0,0,0,0,5,23,4.6,17,0,0,1,1,18,0,0,18,0,0,0,0,0,0,0,0,0,0,0,0,0,0,0,0,0,0,0,0.01,4.6
7,Andy Janovich,RB,DEN,0,0,0,0,0,0,0,0,0,0,0,0,0,0,1,1,22,0,0,22,0,0,0,0,0,0,0,0,0,0,0,0,0,0,0,0,0,0,0,0,2.7
7,DeAndre Washington,RB,OAK,0,0,0,0,0,0,0,0,6,29,4.8,8,0,0,1,1,12,0,0,12,0,0,0,0,0,0,0,0,0,0,0,0,0,0,0,0,0,0,0,0.003,4.6
7,Dwayne Washington,RB,NO,0,0,0,0,0,0,0,0,0,0,0,0,0,0,1,1,6,0,0,6,0,0,0,0,0,0,0,0,0,0,0,0,0,0,0,0,0,0,0,0.001,1.1
7,Dan Vitale,RB,GB,0,0,0,0,0,0,0,0,0,0,0,0,0,0,2,2,43,0,0,21.5,0,0,0,0,0,0,0,0,0,0,0,0,0,0,0,0,0,0,0,0,5.3
7,Jalen Richard,RB,OAK,0,0,0,0,0,0,0,0,2,2,1,4,0,0,1,1,5,0,0,5,0,0,0,0,0,0,0,0,0,0,0,0,0,0,0,0,0,0,0,0.109,1.2
7,CJ Ham,RB,MIN,0,0,0,0,0,0,0,0,1,9,9,9,0,0,1,1,5,0,0,5,1,0,0,0,0,0,0,0,0,0,0,0,0,0,0,0,0,0,0,0,7.9
7,J.D. McKissic,RB,DET,0,0,0,0,0,0,0,0,5,29,5.8,14,0,0,2,3,31,0,0,15.5,0,0,0,0,0,0,0,0,0,0,0,0,0,0,0,0,0,0,0,0.018,7
7,Dalvin Cook,RB,MIN,0,0,0,0,0,0,0,0,25,142,5.7,23,1,2,1,2,7,0,0,7,0,0,0,0,0,0,0,0,0,0,0,0,0,0,0,0,0,0,0,1,27.4
7,Leonard Fournette,RB,JAC,0,0,0,0,0,0,0,0,29,131,4.5,20,1,0,2,2,14,0,0,7,0,0,0,0,0,0,0,0,0,0,0,0,0,0,0,0,0,0,0,0.993,15.5
7,Joe Mixon,RB,CIN,0,0,0,0,0,0,0,0,10,2,0.2,4,0,0,1,2,2,0,0,2,1,0,0,0,0,0,0,0,0,0,0,0,0,0,0,0,0,0,0,0.978,6.9
7,Jamaal Williams,RB,GB,0,0,0,0,0,0,0,0,3,5,1.7,3,0,0,4,5,26,0,0,6.5,1,0,0,0,0,0,0,0,0,0,0,0,0,0,0,0,0,0,0,0.573,11.1
7,Marlon Mack,RB,IND,0,0,0,0,0,0,0,0,18,44,2.4,7,0,0,3,3,12,0,0,4,0,0,0,0,0,0,0,0,0,0,0,0,0,0,0,0,0,0,0,0.971,7.1
7,Brian Hill,RB,ATL,0,0,0,0,0,0,0,0,5,11,2.2,5,0,0,2,2,14,0,0,7,0,0,0,0,0,0,0,0,0,0,0,0,0,0,0,0,0,0,0,0.001,3.5
7,Tarik Cohen,RB,CHI,0,0,0,0,0,0,0,0,3,10,3.3,9,0,0,9,12,19,0,0,2.1,0,0,0,0,0,0,0,0,0,0,0,0,0,0,0,0,0,0,0,0.688,7.4
7,Austin Ekeler,RB,LAC,0,0,0,0,0,0,0,0,5,7,1.4,3,0,0,7,8,118,0,0,16.9,1,0,0,0,0,0,0,0,0,0,0,0,0,0,0,0,0,0,0,0.967,22
7,Aaron Jones,RB,GB,0,0,0,0,0,0,0,0,12,50,4.2,15,0,0,4,4,33,0,0,8.3,1,0,0,0,0,0,0,0,0,0,0,0,0,0,0,0,0,0,0,0.995,16.3
7,Chris Carson,RB,SEA,0,0,0,0,0,0,0,0,21,65,3.1,9,0,0,3,5,9,0,0,3,0,0,0,0,0,0,0,0,0,0,0,0,0,0,0,0,0,0,0,0.984,8.9
7,Matt Breida,RB,SF,0,0,0,0,0,0,0,0,8,35,4.4,11,0,0,1,1,1,0,0,1,0,0,0,0,0,0,0,0,0,0,0,0,0,0,0,0,0,0,0,0.882,4.1
7,Saquon Barkley,RB,NYG,0,0,0,0,0,0,0,0,18,72,4,20,1,1,3,5,8,0,0,2.7,0,0,0,0,0,0,0,0,0,0,0,0,0,0,0,0,0,0,0,0.999,15.5
7,Royce Freeman,RB,DEN,0,0,0,0,0,0,0,0,10,35,3.5,14,0,1,4,5,32,0,0,8,0,0,0,0,0,0,0,0,0,0,0,0,0,0,0,0,0,0,0,0.744,14.7
7,Kerryon Johnson,RB,DET,0,0,0,0,0,0,0,0,5,23,4.6,6,0,0,0,1,0,0,0,0,0,0,0,0,0,0,0,0,0,0,0,0,0,0,0,0,0,0,0,0.947,2.3
7,Ito Smith,RB,ATL,0,0,0,0,0,0,0,0,1,7,7,7,0,0,0,0,0,0,0,0,0,0,0,0,0,0,0,0,0,0,0,0,0,0,0,0,0,0,0,0.126,0.7
7,Kalen Ballage,RB,MIA,0,0,0,0,0,0,0,0,3,7,2.3,3,0,1,0,0,0,0,0,0,0,0,0,0,0,0,0,0,0,0,0,0,0,0,0,0,0,0,0,0.084,6.7
7,Nyheim Hines,RB,IND,0,0,0,0,0,0,0,0,1,3,3,3,0,0,1,2,13,0,0,13,0,0,0,0,0,0,0,0,0,0,0,0,0,0,0,0,0,0,0,0.244,2.1
7,John Kelly,RB,LAR,0,0,0,0,0,0,0,0,3,9,3,6,0,0,0,0,0,0,0,0,0,0,0,0,0,0,0,0,0,0,0,0,0,0,0,0,0,0,0,0,0.9
7,Mark Walton,RB,MIA,0,0,0,0,0,0,0,0,14,66,4.7,19,0,0,1,1,-8,0,0,-8,0,0,0,0,0,0,0,0,0,0,0,0,0,0,0,0,0,0,0,0.122,6.3
7,Sony Michel,RB,NE,0,0,0,0,0,0,0,0,19,42,2.2,11,0,3,1,2,-8,0,0,-8,0,0,0,0,0,0,0,0,0,0,0,0,0,0,0,0,0,0,0,0.951,21.9
7,Chase Edmonds,RB,ARI,0,0,0,0,0,0,0,0,27,126,4.7,22,3,3,2,4,24,0,0,12,0,0,0,0,0,0,0,0,0,0,0,0,0,0,0,0,0,0,0,0.409,34
7,Jordan Wilkins,RB,IND,0,0,0,0,0,0,0,0,2,9,4.5,9,0,0,1,1,6,0,0,6,0,0,0,0,0,0,0,0,0,0,0,0,0,0,0,0,0,0,0,0.009,2
7,Phillip Lindsay,RB,DEN,0,0,0,0,0,0,0,0,11,36,3.3,9,0,0,1,1,-4,0,0,-4,0,0,0,0,0,0,0,0,0,0,0,0,0,0,0,0,0,0,0,0.961,3.7
7,Darrel Williams,RB,KC,0,0,0,0,0,0,0,0,2,1,0.5,1,0,0,2,2,5,0,0,2.5,0,0,0,0,0,0,0,0,0,0,0,0,0,0,0,0,0,0,0,0.112,1.6
7,Boston Scott,RB,PHI,0,0,0,0,0,0,0,0,7,32,4.6,14,0,0,1,1,5,0,0,5,0,0,0,0,0,0,0,0,0,0,0,0,0,0,0,0,0,0,0,0.001,4.2
7,Gus Edwards,RB,BAL,0,0,0,0,0,0,0,0,8,35,4.4,14,0,0,0,0,0,0,0,0,0,0,0,0,0,0,0,0,0,0,0,0,0,0,0,0,0,0,0,0.042,3.5
7,Jeff Wilson,RB,SF,0,0,0,0,0,0,0,0,5,20,4,6,0,0,0,0,0,0,0,0,0,0,0,0,0,0,0,0,0,0,0,0,0,0,0,0,0,0,0,0.022,2
7,Damien Harris,RB,NE,0,0,0,0,0,0,0,0,4,12,3,13,0,0,0,0,0,0,0,0,0,0,0,0,0,0,0,0,0,0,0,0,0,0,0,0,0,0,0,0.04,1.2
7,David Montgomery,RB,CHI,0,0,0,0,0,0,0,0,2,6,3,4,0,0,2,2,13,0,0,6.5,0,0,0,0,0,0,0,0,0,0,0,0,0,0,0,0,0,0,0,0.913,0.9
7,Josh Jacobs,RB,OAK,0,0,0,0,0,0,0,0,21,124,5.9,42,2,0,3,3,10,0,0,3.3,0,0,0,0,0,0,0,0,0,0,0,0,0,0,0,0,0,0,0,0.974,14.9
7,Devin Singletary,RB,BUF,0,0,0,0,0,0,0,0,7,26,3.7,9,0,0,0,0,0,0,0,0,0,0,0,0,0,0,0,0,0,0,0,0,0,0,0,0,0,0,0,0.744,2.6
7,Miles Sanders,RB,PHI,0,0,0,0,0,0,0,0,6,21,3.5,7,0,0,3,3,11,0,0,3.7,0,0,0,0,0,0,0,0,0,0,0,0,0,0,0,0,0,0,0,0.799,4.7
7,Ty Johnson,RB,DET,0,0,0,0,0,0,0,0,10,29,2.9,6,0,0,4,4,28,0,0,7,0,0,0,0,0,0,0,0,0,0,0,0,0,0,0,0,0,0,0,0.048,7.7
7,Dexter Williams,RB,GB,0,0,0,0,0,0,0,0,3,2,0.7,2,0,0,0,0,0,0,0,0,0,0,0,0,0,0,0,0,0,0,0,0,0,0,0,0,0,0,0,0.003,0.2
7,Ryquell Armstead,RB,JAC,0,0,0,0,0,0,0,0,3,3,1,6,0,0,0,1,0,0,0,0,0,0,0,0,0,0,0,0,0,0,0,0,0,0,0,0,0,0,0,0.015,0.3
7,Darrell Henderson,RB,LAR,0,0,0,0,0,0,0,0,11,31,2.8,9,0,0,1,1,8,0,0,8,0,0,0,0,0,0,0,0,0,0,0,0,0,0,0,0,0,0,0,0.277,4.4
7,Alexander Mattison,RB,MIN,0,0,0,0,0,0,0,0,7,18,2.6,9,0,0,0,0,0,0,0,0,0,0,0,0,0,0,0,0,0,0,0,0,0,0,0,0,0,0,0,0.216,1.8
7,Tony Pollard,RB,DAL,0,0,0,0,0,0,0,0,8,28,3.5,11,0,0,0,0,0,0,0,0,0,0,0,0,0,0,0,0,0,0,0,0,0,0,0,0,0,0,0,0.154,2.8
7,Danny Amendola,WR,DET,0,0,0,0,0,0,0,0,0,0,0,0,0,0,8,11,105,36,1,13.1,0,0,0,0,0,0,0,0,0,0,0,0,0,0,0,0,0,0,0,0.065,14.5
7,Julian Edelman,WR,NE,0,0,0,0,0,0,0,0,3,20,0,0,0,0,7,12,47,14,0,6.7,0,0,0,0,0,0,0,0,0,0,0,0,0,0,0,0,0,0,0,0.992,10.2
7,Larry Fitzgerald,WR,ARI,0,0,0,0,0,0,0,0,0,0,0,0,0,0,1,3,12,12,0,12,0,0,0,0,0,0,0,0,0,0,0,0,0,0,0,0,0,0,0,0.928,1.7
7,Ted Ginn,WR,NO,0,0,0,0,0,0,0,0,0,0,0,0,0,0,2,5,48,45,1,24,0,0,0,0,0,0,0,0,0,0,0,0,0,0,0,0,0,0,0,0.084,5.8
7,Golden Tate,WR,NYG,0,0,0,0,0,0,0,0,0,0,0,0,0,0,6,11,80,20,1,13.3,0,0,0,0,0,0,0,0,0,0,0,0,0,0,0,0,0,0,0,0.76,11
7,Demaryius Thomas,WR,NYJ,0,0,0,0,0,0,0,0,0,0,0,0,0,0,3,9,42,20,1,14,0,0,0,0,0,0,0,0,0,0,0,0,0,0,0,0,0,0,0,0.064,5.7
7,Andre Roberts,WR,BUF,0,0,0,0,0,0,0,0,0,0,0,0,0,0,0,1,0,0,0,0,0,0,0,0,0,0,0,0,0,0,0,0,0,0,0,0,0,0,0,0.001,0
7,Emmanuel Sanders,WR,SF,0,0,0,0,0,0,0,0,0,0,0,0,0,0,5,6,60,16,0,12,0,0,0,0,0,0,0,0,0,0,0,0,0,0,0,0,0,0,0,0.814,8.5
7,Julio Jones,WR,ATL,0,0,0,0,0,0,0,0,0,0,0,0,0,0,6,9,93,39,1,15.5,0,0,0,0,0,0,0,0,0,0,0,0,0,0,0,0,0,0,0,1,12.3
7,Randall Cobb,WR,DAL,0,0,0,0,0,0,0,0,0,0,0,0,0,0,2,3,29,15,0,14.5,0,0,0,0,0,0,0,0,0,0,0,0,0,0,0,0,0,0,0,0.171,3.9
7,Alshon Jeffery,WR,PHI,0,0,0,0,0,0,0,0,0,0,0,0,0,0,2,5,38,30,1,19,0,0,0,0,0,0,0,0,0,0,0,0,0,0,0,0,0,0,0,0.946,4.8
7,Mohamed Sanu,WR,NE,0,0,0,0,0,0,0,0,0,0,0,0,0,0,1,2,3,3,0,3,0,0,0,0,0,0,0,0,0,0,0,0,0,0,0,0,0,0,0,0.536,0.8
7,T.Y. Hilton,WR,IND,0,0,0,0,0,0,0,0,0,0,0,0,0,0,6,11,74,25,2,12.3,1,0,0,0,0,0,0,0,0,0,0,0,0,0,0,0,0,0,0,0.982,16.4
7,Marvin Jones,WR,DET,0,0,0,0,0,0,0,0,0,0,0,0,0,0,10,13,93,24,1,9.3,4,0,0,0,0,0,0,0,0,0,0,0,0,0,0,0,0,0,0,0.77,38.3
7,Cole Beasley,WR,BUF,0,0,0,0,0,0,0,0,0,0,0,0,0,0,3,6,16,8,0,5.3,1,0,0,0,0,0,0,0,0,0,0,0,0,0,0,0,0,0,0,0.279,9.1
7,Marquise Goodwin,WR,SF,0,0,0,0,0,0,0,0,0,0,0,0,0,0,0,1,0,0,0,0,0,0,0,0,0,0,0,0,0,0,0,0,0,0,0,0,0,0,0,0.112,0
7,DeAndre Hopkins,WR,HOU,0,0,0,0,0,0,0,0,0,0,0,0,0,0,9,12,106,21,1,11.8,1,0,0,0,0,0,0,0,0,0,0,0,0,0,0,0,0,0,0,1,21.1
7,Robert Woods,WR,LAR,0,0,0,0,0,0,0,0,1,6,0,0,0,0,5,7,80,25,1,16,0,0,0,0,0,0,0,0,0,0,0,0,0,0,0,0,0,0,0,0.966,11.1
7,Kenny Stills,WR,HOU,0,0,0,0,0,0,0,0,0,0,0,0,0,0,4,5,105,45,2,26.3,0,0,0,0,0,0,0,0,0,0,0,0,0,0,0,0,0,0,0,0.162,12.5
7,Cordarrelle Patterson,WR,CHI,0,0,0,0,0,0,0,0,1,2,0,0,0,0,2,3,21,11,0,10.5,0,0,0,0,0,0,0,0,0,0,0,0,0,0,0,0,0,0,0,0.002,9.3
7,Keenan Allen,WR,LAC,0,0,0,0,0,0,0,0,0,0,0,0,0,0,4,11,61,17,0,15.3,0,0,0,0,0,0,0,0,0,0,0,0,0,0,0,0,0,0,0,0.999,8.1
7,Tavon Austin,WR,DAL,0,0,0,0,0,0,0,0,1,20,0,0,0,1,0,1,0,0,0,0,0,0,0,0,0,0,0,0,0,0,0,0,0,0,0,0,0,0,0,0.015,8
7,Jaron Brown,WR,SEA,0,0,0,0,0,0,0,0,0,0,0,0,0,0,3,6,60,48,1,20,0,0,0,0,0,0,0,0,0,0,0,0,0,0,0,0,0,0,0,0.024,7.5
7,Brandin Cooks,WR,LAR,0,0,0,0,0,0,0,0,0,0,0,0,0,0,4,7,59,21,1,14.8,0,0,0,0,0,0,0,0,0,0,0,0,0,0,0,0,0,0,0,0.966,7.9
7,Allen Robinson,WR,CHI,0,0,0,0,0,0,0,0,0,0,0,0,0,0,10,16,87,17,0,8.7,1,0,0,0,0,0,0,0,0,0,0,0,0,0,0,0,0,0,0,0.944,19.7
7,Paul Richardson,WR,WAS,0,0,0,0,0,0,0,0,0,0,0,0,0,0,0,1,0,0,0,0,0,0,0,0,0,0,0,0,0,0,0,0,0,0,0,0,0,0,0,0.1,0
7,Cody Latimer,WR,NYG,0,0,0,0,0,0,0,0,0,0,0,0,0,0,4,5,33,13,0,8.3,0,0,0,0,0,0,0,0,0,0,0,0,0,0,0,0,0,0,0,0.002,5.3
7,John Brown,WR,BUF,0,0,0,0,0,0,0,0,0,0,0,0,0,0,5,6,83,24,3,16.6,1,0,0,0,0,0,0,0,0,0,0,0,0,0,0,0,0,0,0,0.735,16.8
7,Albert Wilson,WR,MIA,0,0,0,0,0,0,0,0,0,0,0,0,0,0,1,2,22,22,1,22,0,0,0,0,0,0,0,0,0,0,0,0,0,0,0,0,0,0,0,0.046,2.7
7,Taylor Gabriel,WR,CHI,0,0,0,0,0,0,0,0,0,0,0,0,0,0,1,2,6,6,0,6,0,0,0,0,0,0,0,0,0,0,0,0,0,0,0,0,0,0,0,0.072,1.1
7,Willie Snead,WR,BAL,0,0,0,0,0,0,0,0,1,2,0,0,0,0,0,1,0,0,0,0,0,0,0,0,0,0,0,0,0,0,0,0,0,0,0,0,0,0,0,0.047,0.2
7,Allen Hurns,WR,MIA,0,0,0,0,0,0,0,0,0,0,0,0,0,0,3,3,53,27,1,17.7,0,0,0,0,0,0,0,0,0,0,0,0,0,0,0,0,0,0,0,0.001,6.8
7,Bennie Fowler,WR,NYG,0,0,0,0,0,0,0,0,0,0,0,0,0,0,4,5,35,13,0,8.8,0,0,0,0,0,0,0,0,0,0,0,0,0,0,0,0,0,0,0,0.001,5.5
7,Adam Thielen,WR,MIN,0,0,0,0,0,0,0,0,0,0,0,0,0,0,1,2,25,25,1,25,1,0,0,0,0,0,0,0,0,0,0,0,0,0,0,0,0,0,0,0.997,9
7,Diontae Spencer,WR,DEN,0,0,0,0,0,0,0,0,0,0,0,0,0,0,1,1,5,5,0,5,0,0,0,0,0,0,0,0,0,0,0,0,0,0,0,0,0,0,0,0.001,1
7,Seth Roberts,WR,BAL,0,0,0,0,0,0,0,0,0,0,0,0,0,0,1,4,9,9,0,9,0,0,0,0,0,0,0,0,0,0,0,0,0,0,0,0,0,0,0,0,1.4
7,Amari Cooper,WR,DAL,0,0,0,0,0,0,0,0,0,0,0,0,0,0,5,5,106,44,2,21.2,0,0,0,0,0,0,0,0,0,0,0,0,0,0,0,0,0,0,0,0.998,13.1
7,Devante Parker,WR,MIA,0,0,0,0,0,0,0,0,0,0,0,0,0,0,5,10,55,14,0,11,1,0,0,0,0,0,0,0,0,0,0,0,0,0,0,0,0,0,0,0.114,14
7,Nelson Agholor,WR,PHI,0,0,0,0,0,0,0,0,0,0,0,0,0,0,2,4,24,18,0,12,0,0,0,0,0,0,0,0,0,0,0,0,0,0,0,0,0,0,0,0.264,3.4
7,Justin Hardy,WR,ATL,0,0,0,0,0,0,0,0,0,0,0,0,0,0,2,2,19,15,0,9.5,0,0,0,0,0,0,0,0,0,0,0,0,0,0,0,0,0,0,0,0,2.9
7,Tyler Lockett,WR,SEA,0,0,0,0,0,0,0,0,1,-3,0,0,0,0,5,7,61,33,1,12.2,1,0,0,0,0,0,0,0,0,0,0,0,0,0,0,0,0,0,0,0.978,14.3
7,Jamison Crowder,WR,NYJ,0,0,0,0,0,0,0,0,0,0,0,0,0,0,4,5,26,9,0,6.5,0,0,0,0,0,0,0,0,0,0,0,0,0,0,0,0,0,0,0,0.604,4.6
7,Phillip Dorsett,WR,NE,0,0,0,0,0,0,0,0,0,0,0,0,0,0,3,4,46,26,1,15.3,1,0,0,0,0,0,0,0,0,0,0,0,0,0,0,0,0,0,0,0.389,12.1
7,Stefon Diggs,WR,MIN,0,0,0,0,0,0,0,0,0,0,0,0,0,0,7,8,142,66,2,20.3,0,0,0,0,0,0,0,0,0,0,0,0,0,0,0,0,0,0,0,0.981,17.7
7,Jake Kumerow,WR,GB,0,0,0,0,0,0,0,0,0,0,0,0,0,0,2,2,54,37,1,27,1,0,0,0,0,0,0,0,0,0,0,0,0,0,0,0,0,0,0,0.02,12.4
7,Chris Conley,WR,JAC,0,0,0,0,0,0,0,0,0,0,0,0,0,0,3,8,83,47,2,27.7,0,0,0,0,0,0,0,0,0,0,0,0,0,0,0,0,0,0,0,0.06,11.8
7,Damiere Byrd,WR,ARI,0,0,0,0,0,0,0,0,0,0,0,0,0,0,1,2,4,4,0,4,0,0,0,0,0,0,0,0,0,0,0,0,0,0,0,0,0,0,0,0.002,0.9
7,Adam Humphries,WR,TEN,0,0,0,0,0,0,0,0,0,0,0,0,0,0,4,4,40,14,0,10,0,0,0,0,0,0,0,0,0,0,0,0,0,0,0,0,0,0,0,0.117,6
7,Michael Thomas,WR,NO,0,0,0,0,0,0,0,0,0,0,0,0,0,0,9,11,131,34,2,14.6,0,0,0,0,0,0,0,0,0,0,0,0,0,0,0,0,0,0,0,1,17.6
7,Tyler Boyd,WR,CIN,0,0,0,0,0,0,0,0,0,0,0,0,0,0,5,14,55,19,0,11,0,0,0,0,0,0,0,0,0,0,0,0,0,0,0,0,0,0,0,0.951,6
7,Pharoh Cooper,WR,ARI,0,0,0,0,0,0,0,0,0,0,0,0,0,0,4,4,29,10,0,7.3,0,0,0,0,0,0,0,0,0,0,0,0,0,0,0,0,0,0,0,0.001,4.9
7,Tajae Sharpe,WR,TEN,0,0,0,0,0,0,0,0,0,0,0,0,0,0,2,3,19,14,0,9.5,1,0,0,0,0,0,0,0,0,0,0,0,0,0,0,0,0,0,0,0,8.9
7,Will Fuller,WR,HOU,0,0,0,0,0,0,0,0,0,0,0,0,0,0,1,1,6,6,0,6,0,0,0,0,0,0,0,0,0,0,0,0,0,0,0,0,0,0,0,0.885,1.1
7,Chris Moore,WR,BAL,0,0,0,0,0,0,0,0,0,0,0,0,0,0,1,1,3,3,0,3,0,0,0,0,0,0,0,0,0,0,0,0,0,0,0,0,0,0,0,0.001,0.8
7,Demarcus Robinson,WR,KC,0,0,0,0,0,0,0,0,0,0,0,0,0,0,3,5,31,16,0,10.3,0,0,0,0,0,0,0,0,0,0,0,0,0,0,0,0,0,0,0,0.369,4.6
7,Robby Anderson,WR,NYJ,0,0,0,0,0,0,0,0,0,0,0,0,0,0,1,8,10,10,0,10,0,0,0,0,0,0,0,0,0,0,0,0,0,0,0,0,0,0,0,0.686,1.5
7,Alex Erickson,WR,CIN,0,0,0,0,0,0,0,0,2,-2,0,0,0,0,8,14,137,48,2,17.1,0,0,0,0,0,0,0,0,0,0,0,0,0,0,0,0,0,0,0,0.012,17.5
7,Tyreek Hill,WR,KC,0,0,0,0,0,0,0,0,0,0,0,0,0,0,3,5,74,57,1,24.7,1,0,0,0,0,0,0,0,0,0,0,0,0,0,0,0,0,0,0,0.999,14.9
7,Trevor Davis,WR,OAK,0,0,0,0,0,0,0,0,0,0,0,0,0,0,2,2,26,16,0,13,0,0,0,0,0,0,0,0,0,0,0,0,0,0,0,0,0,0,0,0.003,3.6
7,Geronimo Allison,WR,GB,0,0,0,0,0,0,0,0,0,0,0,0,0,0,4,5,33,15,0,8.3,0,0,0,0,0,0,0,0,0,0,0,0,0,0,0,0,0,0,0,0.268,5.3
7,Chester Rogers,WR,IND,0,0,0,0,0,0,0,0,0,0,0,0,0,0,2,2,24,19,0,12,0,0,0,0,0,0,0,0,0,0,0,0,0,0,0,0,0,0,0,0.001,3.4
7,Marvin Hall,WR,DET,0,0,0,0,0,0,0,0,0,0,0,0,0,0,1,2,47,47,1,47,0,0,0,0,0,0,0,0,0,0,0,0,0,0,0,0,0,0,0,0,5.2
7,Duke Williams,WR,BUF,0,0,0,0,0,0,0,0,0,0,0,0,0,0,1,1,23,23,1,23,0,0,0,0,0,0,0,0,0,0,0,0,0,0,0,0,0,0,0,0.022,2.8
7,Mike Williams,WR,LAC,0,0,0,0,0,0,0,0,0,0,0,0,0,0,4,6,47,21,1,11.8,0,0,0,0,0,0,0,0,0,0,0,0,0,0,0,0,0,0,0,0.831,6.7
7,Corey Davis,WR,TEN,0,0,0,0,0,0,0,0,0,0,0,0,0,0,6,7,80,38,1,13.3,1,0,0,0,0,0,0,0,0,0,0,0,0,0,0,0,0,0,0,0.43,17
7,Isaiah Ford,WR,MIA,0,0,0,0,0,0,0,0,0,0,0,0,0,0,0,1,0,0,0,0,0,0,0,0,0,0,0,0,0,0,0,0,0,0,0,0,0,0,0,0,0
7,Cooper Kupp,WR,LAR,0,0,0,0,0,0,0,0,0,0,0,0,0,0,6,8,50,17,0,8.3,0,0,0,0,0,0,0,0,0,0,0,0,0,0,0,0,0,0,0,0.992,8
7,Dede Westbrook,WR,JAC,0,0,0,0,0,0,0,0,2,14,0,0,0,0,6,9,103,33,2,17.2,0,0,0,0,0,0,0,0,0,0,0,0,0,0,0,0,0,0,0,0.716,14.7
7,Josh Reynolds,WR,LAR,0,0,0,0,0,0,0,0,0,0,0,0,0,0,0,1,0,0,0,0,0,0,0,0,0,0,0,0,0,0,0,0,0,0,0,0,0,0,0,0.001,0
7,Kenny Golladay,WR,DET,0,0,0,0,0,0,0,0,0,0,0,0,0,0,1,2,21,21,1,21,0,0,0,0,0,0,0,0,0,0,0,0,0,0,0,0,0,0,0,0.979,2.6
7,Mack Hollins,WR,PHI,0,0,0,0,0,0,0,0,0,0,0,0,0,0,0,1,0,0,0,0,0,0,0,0,0,0,0,0,0,0,0,0,0,0,0,0,0,0,0,0.001,0
7,Austin Carr,WR,NO,0,0,0,0,0,0,0,0,0,0,0,0,0,0,0,2,0,0,0,0,0,0,0,0,0,0,0,0,0,0,0,0,0,0,0,0,0,0,0,0,0
7,Isaiah McKenzie,WR,BUF,0,0,0,0,0,0,0,0,0,0,0,0,0,0,2,3,11,10,0,5.5,0,0,0,0,0,0,0,0,0,0,0,0,0,0,0,0,0,0,0,0,2.1
7,David Moore,WR,SEA,0,0,0,0,0,0,0,0,0,0,0,0,0,0,1,3,14,14,0,14,0,0,0,0,0,0,0,0,0,0,0,0,0,0,0,0,0,0,0,0.007,1.9
7,Keelan Cole,WR,JAC,0,0,0,0,0,0,0,0,0,0,0,0,0,0,1,2,2,2,0,2,1,0,0,0,0,0,0,0,0,0,0,0,0,0,0,0,0,0,0,0.001,6.7
7,Zach Pascal,WR,IND,0,0,0,0,0,0,0,0,0,0,0,0,0,0,6,7,106,34,3,17.7,2,0,0,0,0,0,0,0,0,0,0,0,0,0,0,0,0,0,0,0.011,25.6
7,Kendrick Bourne,WR,SF,0,0,0,0,0,0,0,0,0,0,0,0,0,0,3,4,69,28,2,23,0,0,0,0,0,0,0,0,0,0,0,0,0,0,0,0,0,0,0,0,8.4
7,Courtland Sutton,WR,DEN,0,0,0,0,0,0,0,0,0,0,0,0,0,0,6,8,87,41,1,14.5,0,0,0,0,0,0,0,0,0,0,0,0,0,0,0,0,0,0,0,0.879,11.7
7,Anthony Miller,WR,CHI,0,0,0,0,0,0,0,0,1,-1,0,0,0,0,5,9,64,28,1,12.8,0,0,0,0,0,0,0,0,0,0,0,0,0,0,0,0,0,0,0,0.127,6.8
7,Marcell Ateman,WR,OAK,0,0,0,0,0,0,0,0,0,0,0,0,0,0,1,1,36,36,1,36,0,0,0,0,0,0,0,0,0,0,0,0,0,0,0,0,0,0,0,0,4.1
7,Calvin Ridley,WR,ATL,0,0,0,0,0,0,0,0,0,0,0,0,0,0,4,6,30,14,0,7.5,0,0,0,0,0,0,0,0,0,0,0,0,0,0,0,0,0,0,0,0.938,5
7,Michael Gallup,WR,DAL,0,0,0,0,0,0,0,0,0,0,0,0,0,0,3,4,34,14,0,11.3,0,0,0,0,0,0,0,0,0,0,0,0,0,0,0,0,0,0,0,0.878,4.9
7,Dante Pettis,WR,SF,0,0,0,0,0,0,0,0,0,0,0,0,0,0,0,2,0,0,0,0,0,0,0,0,0,0,0,0,0,0,0,0,0,0,0,0,0,0,0,0.24,0
7,Trey Quinn,WR,WAS,0,0,0,0,0,0,0,0,0,0,0,0,0,0,2,3,30,19,0,15,0,0,0,0,0,0,0,0,0,0,0,0,0,0,0,0,0,0,0,0.018,4
7,Braxton Berrios,WR,NYJ,0,0,0,0,0,0,0,0,0,0,0,0,0,0,1,1,1,1,0,1,0,0,0,0,0,0,0,0,0,0,0,0,0,0,0,0,0,0,0,0,-1.4
7,D.J. Chark,WR,JAC,0,0,0,0,0,0,0,0,1,20,0,0,0,0,3,4,53,33,1,17.7,0,0,0,0,0,0,0,0,0,0,0,0,0,0,0,0,0,0,0,0.916,8.8
7,Allen Lazard,WR,GB,0,0,0,0,0,0,0,0,0,0,0,0,0,0,3,4,42,26,1,14,0,0,0,0,0,0,0,0,0,0,0,0,0,0,0,0,0,0,0,0.237,5.7
7,Richie James,WR,SF,0,0,0,0,0,0,0,0,0,0,0,0,0,0,1,1,40,40,1,40,0,0,0,0,0,0,0,0,0,0,0,0,0,0,0,0,0,0,0,0.006,4.5
7,Auden Tate,WR,CIN,0,0,0,0,0,0,0,0,0,0,0,0,0,0,3,6,65,33,2,21.7,0,0,0,0,0,0,0,0,0,0,0,0,0,0,0,0,0,0,0,0.386,8
7,Javon Wims,WR,CHI,0,0,0,0,0,0,0,0,0,0,0,0,0,0,1,1,6,6,0,6,1,0,0,0,0,0,0,0,0,0,0,0,0,0,0,0,0,0,0,0.001,7.1
7,DaeSean Hamilton,WR,DEN,0,0,0,0,0,0,0,0,0,0,0,0,0,0,2,5,4,4,0,2,0,0,0,0,0,0,0,0,0,0,0,0,0,0,0,0,0,0,0,0.07,1.4
7,Keke Coutee,WR,HOU,0,0,0,0,0,0,0,0,1,4,0,0,0,1,3,5,25,13,0,8.3,0,0,0,0,0,0,0,0,0,0,0,0,0,0,0,0,0,0,0,0.181,10.4
7,Marquez Valdes-Scantling,WR,GB,0,0,0,0,0,0,0,0,0,0,0,0,0,0,2,3,133,74,2,66.5,1,0,0,0,0,0,0,0,0,0,0,0,0,0,0,0,0,0,0,0.606,20.3
7,Russell Gage,WR,ATL,0,0,0,0,0,0,0,0,0,0,0,0,0,0,1,2,13,13,0,13,0,0,0,0,0,0,0,0,0,0,0,0,0,0,0,0,0,0,0,0,-0.2
7,Vyncint Smith,WR,NYJ,0,0,0,0,0,0,0,0,0,0,0,0,0,0,0,1,0,0,0,0,0,0,0,0,0,0,0,0,0,0,0,0,0,0,0,0,0,0,0,0,0
7,Trent Sherfield,WR,ARI,0,0,0,0,0,0,0,0,0,0,0,0,0,0,1,1,4,4,0,4,0,0,0,0,0,0,0,0,0,0,0,0,0,0,0,0,0,0,0,0.001,0.9
7,Malik Turner,WR,SEA,0,0,0,0,0,0,0,0,0,0,0,0,0,0,1,1,24,24,1,24,0,0,0,0,0,0,0,0,0,0,0,0,0,0,0,0,0,0,0,0,2.9
7,A.J. Brown,WR,TEN,0,0,0,0,0,0,0,0,1,-2,0,0,0,0,6,8,64,16,0,10.7,0,0,0,0,0,0,0,0,0,0,0,0,0,0,0,0,0,0,0,0.141,9.2
7,D.K. Metcalf,WR,SEA,0,0,0,0,0,0,0,0,0,0,0,0,0,0,4,9,53,37,1,13.3,0,0,0,0,0,0,0,0,0,0,0,0,0,0,0,0,0,0,0,0.652,5.3
7,Hunter Renfrow,WR,OAK,0,0,0,0,0,0,0,0,0,0,0,0,0,0,2,3,14,10,0,7,0,0,0,0,0,0,0,0,0,0,0,0,0,0,0,0,0,0,0,0.018,2.4
7,Andy Isabella,WR,ARI,0,0,0,0,0,0,0,0,0,0,0,0,0,0,2,2,8,5,0,4,0,0,0,0,0,0,0,0,0,0,0,0,0,0,0,0,0,0,0,0.012,1.8
7,Terry McLaurin,WR,WAS,0,0,0,0,0,0,0,0,0,0,0,0,0,0,1,2,11,11,0,11,0,0,0,0,0,0,0,0,0,0,0,0,0,0,0,0,0,0,0,0.842,1.6
7,Keelan Doss,WR,OAK,0,0,0,0,0,0,0,0,0,0,0,0,0,0,3,5,54,31,1,18,0,0,0,0,0,0,0,0,0,0,0,0,0,0,0,0,0,0,0,0.001,6.9
7,Mecole Hardman,WR,KC,0,0,0,0,0,0,0,0,0,0,0,0,0,0,2,3,28,21,1,14,1,0,0,0,0,0,0,0,0,0,0,0,0,0,0,0,0,0,0,0.372,9.8
7,Jakobi Meyers,WR,NE,0,0,0,0,0,0,0,0,0,0,0,0,0,0,5,5,47,23,1,9.4,0,0,0,0,0,0,0,0,0,0,0,0,0,0,0,0,0,0,0,0.042,7.2
7,Preston Williams,WR,MIA,0,0,0,0,0,0,0,0,0,0,0,0,0,0,6,8,82,35,1,13.7,0,0,0,0,0,0,0,0,0,0,0,0,0,0,0,0,0,0,0,0.098,9.2
7,KeeSean Johnson,WR,ARI,0,0,0,0,0,0,0,0,0,0,0,0,0,0,1,2,6,6,0,6,0,0,0,0,0,0,0,0,0,0,0,0,0,0,0,0,0,0,0,0.013,1.1
7,Miles Boykin,WR,BAL,0,0,0,0,0,0,0,0,0,0,0,0,0,0,2,2,55,50,1,27.5,0,0,0,0,0,0,0,0,0,0,0,0,0,0,0,0,0,0,0,0.009,6.5
7,Darius Slayton,WR,NYG,0,0,0,0,0,0,0,0,0,0,0,0,0,0,2,2,28,20,1,14,0,0,0,0,0,0,0,0,0,0,0,0,0,0,0,0,0,0,0,0.109,3.8
7,Olabisi Johnson,WR,MIN,0,0,0,0,0,0,0,0,0,0,0,0,0,0,4,8,40,19,0,10,1,0,0,0,0,0,0,0,0,0,0,0,0,0,0,0,0,0,0,0.006,12
7,Steven Sims,WR,WAS,0,0,0,0,0,0,0,0,1,0,0,0,0,0,3,3,5,6,0,1.7,0,0,0,0,0,0,0,0,0,0,0,0,0,0,0,0,0,0,0,0.001,2
7,Gunner Olszewski,WR,NE,0,0,0,0,0,0,0,0,0,0,0,0,0,0,0,1,0,0,0,0,0,0,0,0,0,0,0,0,0,0,0,0,0,0,0,0,0,0,0,0.001,0
7,Benjamin Watson,TE,NE,0,0,0,0,0,0,0,0,0,0,0,0,0,0,3,5,18,10,0,6,0,0,0,0,0,0,0,0,0,0,0,0,0,0,0,0,0,0,0,0.042,3.3
7,Jason Witten,TE,DAL,0,0,0,0,0,0,0,0,0,0,0,0,0,0,4,4,33,10,0,8.3,0,0,0,0,0,0,0,0,0,0,0,0,0,0,0,0,0,0,0,0.631,5.3
7,Jimmy Graham,TE,GB,0,0,0,0,0,0,0,0,0,0,0,0,0,0,4,4,65,29,2,16.3,1,0,0,0,0,0,0,0,0,0,0,0,0,0,0,0,0,0,0,0.672,14.5
7,Kyle Rudolph,TE,MIN,0,0,0,0,0,0,0,0,0,0,0,0,0,0,5,6,58,15,0,11.6,1,0,0,0,0,0,0,0,0,0,0,0,0,0,0,0,0,0,0,0.23,14.3
7,Lee Smith,TE,BUF,0,0,0,0,0,0,0,0,0,0,0,0,0,0,1,1,9,9,0,9,0,0,0,0,0,0,0,0,0,0,0,0,0,0,0,0,0,0,0,0,1.4
7,Charles Clay,TE,ARI,0,0,0,0,0,0,0,0,0,0,0,0,0,0,1,2,12,12,0,12,0,0,0,0,0,0,0,0,0,0,0,0,0,0,0,0,0,0,0,0.001,1.7
7,Virgil Green,TE,LAC,0,0,0,0,0,0,0,0,0,0,0,0,0,0,1,1,9,9,0,9,0,0,0,0,0,0,0,0,0,0,0,0,0,0,0,0,0,0,0,0.001,1.4
7,Rhett Ellison,TE,NYG,0,0,0,0,0,0,0,0,0,0,0,0,0,0,2,2,33,28,1,16.5,1,0,0,0,0,0,0,0,0,0,0,0,0,0,0,0,0,0,0,0.009,10.3
7,Derek Carrier,TE,OAK,0,0,0,0,0,0,0,0,0,0,0,0,0,0,2,4,22,17,0,11,0,0,0,0,0,0,0,0,0,0,0,0,0,0,0,0,0,0,0,0,3.2
7,Travis Kelce,TE,KC,0,0,0,0,0,0,0,0,0,0,0,0,0,0,6,8,44,13,0,7.3,0,0,0,0,0,0,0,0,0,0,0,0,0,0,0,0,0,0,0,1,7.4
7,Zach Ertz,TE,PHI,0,0,0,0,0,0,0,0,0,0,0,0,0,0,2,5,38,24,1,19,0,0,0,0,0,0,0,0,0,0,0,0,0,0,0,0,0,0,0,0.999,4.8
7,Tyler Eifert,TE,CIN,0,0,0,0,0,0,0,0,0,0,0,0,0,0,2,2,10,6,0,5,0,0,0,0,0,0,0,0,0,0,0,0,0,0,0,0,0,0,0,0.142,2
7,Levine Toilolo,TE,SF,0,0,0,0,0,0,0,0,0,0,0,0,0,0,1,1,2,2,0,2,0,0,0,0,0,0,0,0,0,0,0,0,0,0,0,0,0,0,0,0,0.7
7,Luke Willson,TE,SEA,0,0,0,0,0,0,0,0,0,0,0,0,0,0,0,1,0,0,0,0,0,0,0,0,0,0,0,0,0,0,0,0,0,0,0,0,0,0,0,0.08,0
7,Ryan Griffin,TE,NYJ,0,0,0,0,0,0,0,0,0,0,0,0,0,0,1,2,1,1,0,1,0,0,0,0,0,0,0,0,0,0,0,0,0,0,0,0,0,0,0,0.002,0.6
7,Jack Doyle,TE,IND,0,0,0,0,0,0,0,0,0,0,0,0,0,0,3,5,21,19,0,7,0,0,0,0,0,0,0,0,0,0,0,0,0,0,0,0,0,0,0,0.189,3.6
7,Eric Ebron,TE,IND,0,0,0,0,0,0,0,0,0,0,0,0,0,0,4,5,70,33,1,17.5,1,0,0,0,0,0,0,0,0,0,0,0,0,0,0,0,0,0,0,0.461,15
7,Trey Burton,TE,CHI,0,0,0,0,0,0,0,0,0,0,0,0,0,0,2,4,11,8,0,5.5,0,0,0,0,0,0,0,0,0,0,0,0,0,0,0,0,0,0,0,0.242,2.1
7,Josh Hill,TE,NO,0,0,0,0,0,0,0,0,0,0,0,0,0,0,3,3,43,27,1,14.3,1,0,0,0,0,0,0,0,0,0,0,0,0,0,0,0,0,0,0,0.006,11.8
7,Darren Fells,TE,HOU,0,0,0,0,0,0,0,0,0,0,0,0,0,0,2,2,27,19,0,13.5,0,0,0,0,0,0,0,0,0,0,0,0,0,0,0,0,0,0,0,0.217,3.7
7,Maxx Williams,TE,ARI,0,0,0,0,0,0,0,0,0,0,0,0,0,0,1,1,5,5,0,5,0,0,0,0,0,0,0,0,0,0,0,0,0,0,0,0,0,0,0,0.001,1
7,Jesse James,TE,DET,0,0,0,0,0,0,0,0,0,0,0,0,0,0,1,4,7,7,0,7,0,0,0,0,0,0,0,0,0,0,0,0,0,0,0,0,0,0,0,0.001,1.2
7,Nick Boyle,TE,BAL,0,0,0,0,0,0,0,0,0,0,0,0,0,0,1,1,20,20,1,20,0,0,0,0,0,0,0,0,0,0,0,0,0,0,0,0,0,0,0,0.001,2.5
7,Blake Bell,TE,KC,0,0,0,0,0,0,0,0,0,0,0,0,0,0,0,1,0,0,0,0,0,0,0,0,0,0,0,0,0,0,0,0,0,0,0,0,0,0,0,0.001,0
7,Darren Waller,TE,OAK,0,0,0,0,0,0,0,0,0,0,0,0,0,0,7,8,126,48,1,18,2,0,0,0,0,0,0,0,0,0,0,0,0,0,0,0,0,0,0,0.929,28.1
7,Eric Tomlinson,TE,NE,0,0,0,0,0,0,0,0,0,0,0,0,0,0,1,1,1,1,0,1,0,0,0,0,0,0,0,0,0,0,0,0,0,0,0,0,0,0,0,0,0.6
7,Hunter Henry,TE,LAC,0,0,0,0,0,0,0,0,0,0,0,0,0,0,6,8,97,23,3,16.2,0,0,0,0,0,0,0,0,0,0,0,0,0,0,0,0,0,0,0,0.925,12.7
7,Austin Hooper,TE,ATL,0,0,0,0,0,0,0,0,0,0,0,0,0,0,4,5,46,19,0,11.5,1,0,0,0,0,0,0,0,0,0,0,0,0,0,0,0,0,0,0,0.972,12.6
7,Tyler Higbee,TE,LAR,0,0,0,0,0,0,0,0,0,0,0,0,0,0,1,1,8,8,0,8,0,0,0,0,0,0,0,0,0,0,0,0,0,0,0,0,0,0,0,0.034,1.3
7,Seth DeValve,TE,JAC,0,0,0,0,0,0,0,0,0,0,0,0,0,0,0,2,0,0,0,0,0,0,0,0,0,0,0,0,0,0,0,0,0,0,0,0,0,0,0,0,0
7,Evan Engram,TE,NYG,0,0,0,0,0,0,0,0,0,0,0,0,0,0,1,5,6,6,0,6,0,0,0,0,0,0,0,0,0,0,0,0,0,0,0,0,0,0,0,0.989,1.1
7,Adam Shaheen,TE,CHI,0,0,0,0,0,0,0,0,0,0,0,0,0,0,2,2,24,18,0,12,0,0,0,0,0,0,0,0,0,0,0,0,0,0,0,0,0,0,0,0.001,5.4
7,Gerald Everett,TE,LAR,0,0,0,0,0,0,0,0,0,0,0,0,0,0,4,10,50,33,1,12.5,1,0,0,0,0,0,0,0,0,0,0,0,0,0,0,0,0,0,0,0.682,13
7,Jonnu Smith,TE,TEN,0,0,0,0,0,0,0,0,0,0,0,0,0,0,3,3,64,35,2,21.3,0,0,0,0,0,0,0,0,0,0,0,0,0,0,0,0,0,0,0,0.006,7.9
7,Jeremy Sprinkle,TE,WAS,0,0,0,0,0,0,0,0,0,0,0,0,0,0,2,2,13,13,0,6.5,0,0,0,0,0,0,0,0,0,0,0,0,0,0,0,0,0,0,0,0.006,2.3
7,George Kittle,TE,SF,0,0,0,0,0,0,0,0,2,0,0,0,0,0,3,5,38,16,0,12.7,0,0,0,0,0,0,0,0,0,0,0,0,0,0,0,0,0,0,0,0.998,5.3
7,Jacob Hollister,TE,SEA,0,0,0,0,0,0,0,0,0,0,0,0,0,0,3,6,20,9,0,6.7,0,0,0,0,0,0,0,0,0,0,0,0,0,0,0,0,0,0,0,0,3.5
7,Blake Jarwin,TE,DAL,0,0,0,0,0,0,0,0,0,0,0,0,0,0,1,1,1,1,0,1,1,0,0,0,0,0,0,0,0,0,0,0,0,0,0,0,0,0,0,0.012,6.6
7,Johnny Mundt,TE,LAR,0,0,0,0,0,0,0,0,0,0,0,0,0,0,0,1,0,0,0,0,0,0,0,0,0,0,0,0,0,0,0,0,0,0,0,0,0,0,0,0,0
7,Anthony Firkser,TE,TEN,0,0,0,0,0,0,0,0,0,0,0,0,0,0,1,1,27,27,1,27,0,0,0,0,0,0,0,0,0,0,0,0,0,0,0,0,0,0,0,0,3.2
7,Dan Arnold,TE,NO,0,0,0,0,0,0,0,0,0,0,0,0,0,0,0,1,0,0,0,0,0,0,0,0,0,0,0,0,0,0,0,0,0,0,0,0,0,0,0,0,0
7,Mark Andrews,TE,BAL,0,0,0,0,0,0,0,0,0,0,0,0,0,0,2,8,39,33,1,19.5,0,0,0,0,0,0,0,0,0,0,0,0,0,0,0,0,0,0,0,0.961,4.9
7,Dallas Goedert,TE,PHI,0,0,0,0,0,0,0,0,0,0,0,0,0,0,4,4,69,28,2,17.3,1,0,0,0,0,0,0,0,0,0,0,0,0,0,0,0,0,0,0,0.172,12.9
7,Mike Gesicki,TE,MIA,0,0,0,0,0,0,0,0,0,0,0,0,0,0,4,4,41,17,0,10.3,0,0,0,0,0,0,0,0,0,0,0,0,0,0,0,0,0,0,0,0.011,6.1
7,Hayden Hurst,TE,BAL,0,0,0,0,0,0,0,0,0,0,0,0,0,0,1,2,10,10,0,10,0,0,0,0,0,0,0,0,0,0,0,0,0,0,0,0,0,0,0,0.027,1.5
7,Jordan Akins,TE,HOU,0,0,0,0,0,0,0,0,0,0,0,0,0,0,2,2,17,11,0,8.5,0,0,0,0,0,0,0,0,0,0,0,0,0,0,0,0,0,0,0,0.064,2.7
7,Durham Smythe,TE,MIA,0,0,0,0,0,0,0,0,0,0,0,0,0,0,0,1,0,0,0,0,0,0,0,0,0,0,0,0,0,0,0,0,0,0,0,0,0,0,0,0,0
7,Noah Fant,TE,DEN,0,0,0,0,0,0,0,0,0,0,0,0,0,0,1,5,7,7,0,7,0,0,0,0,0,0,0,0,0,0,0,0,0,0,0,0,0,0,0,0.132,1.2
7,Ross Dwelley,TE,SF,0,0,0,0,0,0,0,0,0,0,0,0,0,0,1,3,2,2,0,2,0,0,0,0,0,0,0,0,0,0,0,0,0,0,0,0,0,0,0,0,0.7
7,T.J. Hockenson,TE,DET,0,0,0,0,0,0,0,0,0,0,0,0,0,0,3,5,32,14,0,10.7,0,0,0,0,0,0,0,0,0,0,0,0,0,0,0,0,0,0,0,0.626,4.7
7,Foster Moreau,TE,OAK,0,0,0,0,0,0,0,0,0,0,0,0,0,0,2,3,24,14,0,12,1,0,0,0,0,0,0,0,0,0,0,0,0,0,0,0,0,0,0,0.003,9.4
7,Drew Sample,TE,CIN,0,0,0,0,0,0,0,0,0,0,0,0,0,0,1,1,3,3,0,3,0,0,0,0,0,0,0,0,0,0,0,0,0,0,0,0,0,0,0,0,0.8
7,Irv Smith Jr.,TE,MIN,0,0,0,0,0,0,0,0,0,0,0,0,0,0,5,6,60,28,1,12,0,0,0,0,0,0,0,0,0,0,0,0,0,0,0,0,0,0,0,0.01,8.5
7,Dawson Knox,TE,BUF,0,0,0,0,0,0,0,0,0,0,0,0,0,0,2,5,22,20,1,11,0,0,0,0,0,0,0,0,0,0,0,0,0,0,0,0,0,0,0,0.178,3.2
7,Andrew Beck,TE,DEN,0,0,0,0,0,0,0,0,0,0,0,0,0,0,0,1,0,0,0,0,0,0,0,0,0,0,0,0,0,0,0,0,0,0,0,0,0,0,0,0,0
7,Arizona Cardinals,DST,ARI,0,0,0,0,0,0,0,0,0,0,0,0,0,0,0,0,0,0,0,0,0,8,1,2,3,0,0,0,0,0,0,0,0,0,0,0,0,0,0,0.082,15
7,Atlanta Falcons,DST,ATL,0,0,0,0,0,0,0,0,0,0,0,0,0,0,0,0,0,0,0,0,0,0,0,0,0,0,0,0,0,0,0,0,0,0,0,0,0,0,0,0.024,-1
7,Baltimore Ravens,DST,BAL,0,0,0,0,0,0,0,0,0,0,0,0,0,0,0,0,0,0,0,0,0,1,1,1,0,2,0,0,0,0,0,0,0,0,0,0,0,0,0,0.492,18
7,Buffalo Bills,DST,BUF,0,0,0,0,0,0,0,0,0,0,0,0,0,0,0,0,0,0,0,0,0,1,1,1,2,0,0,1,0,0,0,0,0,0,0,0,0,0,0,0.935,5
7,Carolina Panthers,DST,CAR,0,0,0,0,0,0,0,0,0,0,0,0,0,0,0,0,0,0,0,0,0,0,0,0,0,0,0,0,0,0,0,0,0,0,0,0,0,0,0,0.465,0
7,Chicago Bears,DST,CHI,0,0,0,0,0,0,0,0,0,0,0,0,0,0,0,0,0,0,0,0,0,1,0,0,0,0,0,1,0,0,0,0,0,0,0,0,0,0,0,0.983,-3
7,Cincinnati Bengals,DST,CIN,0,0,0,0,0,0,0,0,0,0,0,0,0,0,0,0,0,0,0,0,0,2,0,0,0,0,0,0,0,0,0,0,0,0,0,0,0,0,0,0.01,2
7,Cleveland Browns,DST,CLE,0,0,0,0,0,0,0,0,0,0,0,0,0,0,0,0,0,0,0,0,0,0,0,0,0,0,0,0,0,0,0,0,0,0,0,0,0,0,0,0.222,0
7,Dallas Cowboys,DST,DAL,0,0,0,0,0,0,0,0,0,0,0,0,0,0,0,0,0,0,0,0,0,3,1,3,2,0,0,0,0,0,0,0,0,0,0,0,0,0,0,0.402,15
7,Denver Broncos,DST,DEN,0,0,0,0,0,0,0,0,0,0,0,0,0,0,0,0,0,0,0,0,0,1,0,0,0,0,0,0,0,0,0,0,0,0,0,0,0,0,0,0.293,1
7,Detroit Lions,DST,DET,0,0,0,0,0,0,0,0,0,0,0,0,0,0,0,0,0,0,0,0,0,0,0,0,2,0,0,0,0,0,0,0,0,0,0,0,0,0,0,0.07,-4
7,Green Bay Packers,DST,GB,0,0,0,0,0,0,0,0,0,0,0,0,0,0,0,0,0,0,0,0,0,0,1,0,1,0,0,0,0,0,0,0,0,0,0,0,0,0,0,0.565,2
7,Houston Texans,DST,HOU,0,0,0,0,0,0,0,0,0,0,0,0,0,0,0,0,0,0,0,0,0,1,0,1,0,0,0,0,0,0,0,0,0,0,0,0,0,0,0,0.362,2
7,Indianapolis Colts,DST,IND,0,0,0,0,0,0,0,0,0,0,0,0,0,0,0,0,0,0,0,0,0,3,2,0,0,0,1,0,0,0,0,0,0,0,0,0,0,0,0,0.163,9
7,Jacksonville Jaguars,DST,JAC,0,0,0,0,0,0,0,0,0,0,0,0,0,0,0,0,0,0,0,0,0,2,3,1,1,1,0,0,0,0,0,0,0,0,0,0,0,0,0,0.831,17
7,Kansas City Chiefs,DST,KC,0,0,0,0,0,0,0,0,0,0,0,0,0,0,0,0,0,0,0,0,0,9,0,1,3,1,0,0,0,0,0,0,0,0,0,0,0,0,0,0.23,24
7,Miami Dolphins,DST,MIA,0,0,0,0,0,0,0,0,0,0,0,0,0,0,0,0,0,0,0,0,0,2,0,0,0,0,0,0,0,0,0,0,0,0,0,0,0,0,0,0.009,1
7,Minnesota Vikings,DST,MIN,0,0,0,0,0,0,0,0,0,0,0,0,0,0,0,0,0,0,0,0,0,2,1,0,0,0,0,0,0,0,0,0,0,0,0,0,0,0,0,0.882,3
7,New England Patriots,DST,NE,0,0,0,0,0,0,0,0,0,0,0,0,0,0,0,0,0,0,0,0,0,1,4,2,1,0,1,0,0,0,0,0,0,0,0,0,0,0,0,0.99,25
7,New Orleans Saints,DST,NO,0,0,0,0,0,0,0,0,0,0,0,0,0,0,0,0,0,0,0,0,0,2,0,2,2,0,1,0,0,0,0,0,0,0,0,0,0,0,0,0.847,8
7,New York Giants,DST,NYG,0,0,0,0,0,0,0,0,0,0,0,0,0,0,0,0,0,0,0,0,0,2,0,0,0,0,0,0,0,0,0,0,0,0,0,0,0,0,0,0.096,8
7,New York Jets,DST,NYJ,0,0,0,0,0,0,0,0,0,0,0,0,0,0,0,0,0,0,0,0,0,0,1,0,0,0,0,0,0,0,0,0,0,0,0,0,0,0,0,0.094,1
7,Oakland Raiders,DST,OAK,0,0,0,0,0,0,0,0,0,0,0,0,0,0,0,0,0,0,0,0,0,1,0,0,0,0,0,0,0,0,0,0,0,0,0,0,0,0,0,0.01,-3
7,Philadelphia Eagles,DST,PHI,0,0,0,0,0,0,0,0,0,0,0,0,0,0,0,0,0,0,0,0,0,3,1,0,1,0,0,0,0,0,0,0,0,0,0,0,0,0,0,0.447,1
7,Pittsburgh Steelers,DST,PIT,0,0,0,0,0,0,0,0,0,0,0,0,0,0,0,0,0,0,0,0,0,0,0,0,0,0,0,0,0,0,0,0,0,0,0,0,0,0,0,0.432,0
7,Los Angeles Chargers,DST,LAC,0,0,0,0,0,0,0,0,0,0,0,0,0,0,0,0,0,0,0,0,0,2,1,0,1,0,0,0,0,0,0,0,0,0,0,0,0,0,0,0.815,4
7,Seattle Seahawks,DST,SEA,0,0,0,0,0,0,0,0,0,0,0,0,0,0,0,0,0,0,0,0,0,1,0,0,1,0,0,0,0,0,0,0,0,0,0,0,0,0,0,0.465,2
7,San Francisco 49ers,DST,SF,0,0,0,0,0,0,0,0,0,0,0,0,0,0,0,0,0,0,0,0,0,3,0,1,1,0,0,0,0,0,0,0,0,0,0,0,0,0,0,0.904,15
7,Los Angeles Rams,DST,LAR,0,0,0,0,0,0,0,0,0,0,0,0,0,0,0,0,0,0,0,0,0,5,1,2,3,1,0,0,0,0,0,0,0,0,0,0,0,0,0,0.82,21
7,Tampa Bay Buccaneers,DST,TB,0,0,0,0,0,0,0,0,0,0,0,0,0,0,0,0,0,0,0,0,0,0,0,0,0,0,0,0,0,0,0,0,0,0,0,0,0,0,0,0.026,0
7,Tennessee Titans,DST,TEN,0,0,0,0,0,0,0,0,0,0,0,0,0,0,0,0,0,0,0,0,0,1,0,1,2,0,0,0,0,0,0,0,0,0,0,0,0,0,0,0.61,4
7,Washington Redskins,DST,WAS,0,0,0,0,0,0,0,0,0,0,0,0,0,0,0,0,0,0,0,0,0,2,1,0,0,0,0,0,0,0,0,0,0,0,0,0,0,0,0,0.147,8
7,Matt Bryant,K,ATL,0,0,0,0,0,0,0,0,0,0,0,0,0,0,0,0,0,0,0,0,0,0,0,0,0,0,0,0,1,2,50,52,0,0,0,0,1,1,1,0.359,6
7,Matt Prater,K,DET,0,0,0,0,0,0,0,0,0,0,0,0,0,0,0,0,0,0,0,0,0,0,0,0,0,0,0,0,1,1,100,46,0,0,0,1,0,3,3,0.628,7
7,Mike Nugent,K,NE,0,0,0,0,0,0,0,0,0,0,0,0,0,0,0,0,0,0,0,0,0,0,0,0,0,0,0,0,1,1,100,34,0,0,1,0,0,4,4,0.291,7
7,Robbie Gould,K,SF,0,0,0,0,0,0,0,0,0,0,0,0,0,0,0,0,0,0,0,0,0,0,0,0,0,0,0,0,3,4,75,29,0,3,0,0,0,0,0,0.719,9
7,Stephen Hauschka,K,BUF,0,0,0,0,0,0,0,0,0,0,0,0,0,0,0,0,0,0,0,0,0,0,0,0,0,0,0,0,3,3,100,45,0,0,1,2,0,2,2,0.044,13
7,Dan Bailey,K,MIN,0,0,0,0,0,0,0,0,0,0,0,0,0,0,0,0,0,0,0,0,0,0,0,0,0,0,0,0,0,1,0,0,0,0,0,0,0,6,6,0.119,6
7,Randy Bullock,K,CIN,0,0,0,0,0,0,0,0,0,0,0,0,0,0,0,0,0,0,0,0,0,0,0,0,0,0,0,0,1,1,100,38,0,0,1,0,0,2,2,0.004,5
7,Greg Zuerlein,K,LAR,0,0,0,0,0,0,0,0,0,0,0,0,0,0,0,0,0,0,0,0,0,0,0,0,0,0,0,0,3,4,75,55,0,2,0,0,1,4,4,0.996,15
7,Justin Tucker,K,BAL,0,0,0,0,0,0,0,0,0,0,0,0,0,0,0,0,0,0,0,0,0,0,0,0,0,0,0,0,3,3,100,28,0,3,0,0,0,3,3,0.984,12
7,Dustin Hopkins,K,WAS,0,0,0,0,0,0,0,0,0,0,0,0,0,0,0,0,0,0,0,0,0,0,0,0,0,0,0,0,0,1,0,0,0,0,0,0,0,0,0,0.009,0
7,Brett Maher,K,DAL,0,0,0,0,0,0,0,0,0,0,0,0,0,0,0,0,0,0,0,0,0,0,0,0,0,0,0,0,3,3,100,63,0,2,0,0,1,4,4,0.553,15
7,Brandon McManus,K,DEN,0,0,0,0,0,0,0,0,0,0,0,0,0,0,0,0,0,0,0,0,0,0,0,0,0,0,0,0,0,1,0,0,0,0,0,0,0,0,0,0.145,0
7,Cody Parkey,K,TEN,0,0,0,0,0,0,0,0,0,0,0,0,0,0,0,0,0,0,0,0,0,0,0,0,0,0,0,0,1,1,100,45,0,0,0,1,0,2,3,0.001,6
7,Jason Myers,K,SEA,0,0,0,0,0,0,0,0,0,0,0,0,0,0,0,0,0,0,0,0,0,0,0,0,0,0,0,0,3,4,75,35,0,0,3,0,0,1,1,0.396,10
7,Josh Lambo,K,JAC,0,0,0,0,0,0,0,0,0,0,0,0,0,0,0,0,0,0,0,0,0,0,0,0,0,0,0,0,4,4,100,37,0,3,1,0,0,1,1,0.495,13
7,Ka'imi Fairbairn,K,HOU,0,0,0,0,0,0,0,0,0,0,0,0,0,0,0,0,0,0,0,0,0,0,0,0,0,0,0,0,3,3,100,47,0,1,1,1,0,2,2,0.69,12
7,Wil Lutz,K,NO,0,0,0,0,0,0,0,0,0,0,0,0,0,0,0,0,0,0,0,0,0,0,0,0,0,0,0,0,2,4,50,39,0,0,2,0,0,4,4,0.935,10
7,Aldrick Rosas,K,NYG,0,0,0,0,0,0,0,0,0,0,0,0,0,0,0,0,0,0,0,0,0,0,0,0,0,0,0,0,0,1,0,0,0,0,0,0,0,3,3,0.115,3
7,Jake Elliott,K,PHI,0,0,0,0,0,0,0,0,0,0,0,0,0,0,0,0,0,0,0,0,0,0,0,0,0,0,0,0,1,1,100,38,0,0,1,0,0,1,1,0.434,4
7,Zane Gonzalez,K,ARI,0,0,0,0,0,0,0,0,0,0,0,0,0,0,0,0,0,0,0,0,0,0,0,0,0,0,0,0,2,2,100,47,0,0,1,1,0,3,3,0.586,10
7,Harrison Butker,K,KC,0,0,0,0,0,0,0,0,0,0,0,0,0,0,0,0,0,0,0,0,0,0,0,0,0,0,0,0,3,3,100,39,0,1,2,0,0,3,3,0.982,12
7,Daniel Carlson,K,OAK,0,0,0,0,0,0,0,0,0,0,0,0,0,0,0,0,0,0,0,0,0,0,0,0,0,0,0,0,1,1,100,45,0,0,0,1,0,3,3,0.021,7
7,Eddy Pineiro,K,CHI,0,0,0,0,0,0,0,0,0,0,0,0,0,0,0,0,0,0,0,0,0,0,0,0,0,0,0,0,1,1,100,46,0,0,0,1,0,2,2,0.025,6
7,Chase McLaughlin,K,LAC,0,0,0,0,0,0,0,0,0,0,0,0,0,0,0,0,0,0,0,0,0,0,0,0,0,0,0,0,2,2,100,50,0,1,0,0,1,2,2,0.169,10
